classification,red,blue,green,black,golden,brown,Cyan,purple,white,Pink,Pink,watermelon,watermelon,tangerine,orange,grapefruit,Banana,Cherry,pitaya,pineapple,Sugar cane,Peach,Chestnut,plum,Loquat,Wax gourd,eggplant,Pepper
1,686.49,230.055,0,0.0953,0.1073,17.4,0.7989,0.2777,0.3223,1.7848,0.1596,0.9247,20.2554,0.0015,27.2138,19.8305,29.8241,516,0,16.2354,5.64,134643.5,0.2429,180.8333,109.1538,0.0021,173.3623,0.379
1,604.17,191.1,0.0007,0.009,0.0197,18.6,0.2307,0.0229,0.4888,1.4167,0.1168,0.9488,20.5255,0.1357,25.5299,51.7714,727.051,334.6154,5217.3913,17.7758,4.7308,113875.5,0.2829,201.2402,217.6229,0.146,212.4189,0.1617
1,586.53,205.065,0.0001,0.0201,0.0317,19.3,0.3769,0.0534,0.5723,1.2836,0.0965,0.9576,17.9737,0.0119,26.0419,113.9742,28.0734,150,3333.3333,17.5091,4.5,124270,0.3855,215.2,149.3774,0.0033,199.4176,0.2415
1,683.55,189.63,0.0001,0.0293,0.0498,1,0.6285,0.1093,0.4735,1.5364,0.1416,0.9363,16.6876,0.019,22.2696,71.9585,802.9486,196.1538,1428.5714,17.0316,3.8077,124239.5,0.3161,212,137,0.0007,189.391,0.2036
1,694.575,232.995,0.0004,0.1575,0.182,15.5,0.7731,0.4108,0.3715,1.7344,0.1542,0.9277,17.9269,0.0734,21.299,92.1621,419.954,65.625,1200,15.7101,5.7188,143063,0.3294,193.2679,150.8595,0.0099,223.064,0.1773
1,621.075,187.425,0.0005,0.0085,0.0217,15.5,0.3362,0.0231,0.5623,1.3015,0.1075,0.9531,22.0157,0.0966,24.4754,94.9023,162.9258,242.8571,1071.4286,17.8325,4.7143,126174.5,0.2963,211.0455,214.0429,0.0112,197.0669,0.3166
1,738.675,169.785,0,0.0426,0.0564,17.6,0.8008,0.1703,0.4482,1.5489,0.1255,0.9417,18.4067,0.0041,18.5429,145.8191,379.9677,141.1765,3000,16.4758,3.8824,127005,0.3176,216.2147,216.5698,0.1661,210.6806,0.2343
1,599.76,190.365,0.0001,0.0117,0.0227,22.7,0.3105,0.033,0.5652,1.2886,0.1032,0.9548,17.8936,0.0117,26.2454,17.2371,637.753,340,2857.1429,17.4509,5,116614,0.2581,195.3881,215.0083,0.0528,189.1147,0.2812
1,611.52,202.125,0.0001,0.0761,0.0953,20.7,0.8593,0.2159,0.5511,1.3389,0.1228,0.946,14.724,0.0131,26.956,36.9033,129.3487,456.5217,2400,16.2484,6.6522,117308.5,0.2454,197.6538,161.1327,0.007,187.2454,0.3888
1,660.765,191.835,0.0016,0.1799,0.1971,15.7,0.7033,0.4304,0.4669,1.5051,0.1538,0.9292,12.9329,0.2421,18.6222,139.6977,69.8006,28.5714,1000,15.9039,4,108242.5,0.4,206.1538,163.479,0.0079,187.0853,0.2156
1,685.755,157.29,0.0001,0.0437,0.0678,12.3,0.6846,0.1318,0.4615,1.4571,0.1346,0.9368,12.3003,0.0117,15.1808,69.2764,655.8601,72,3913.0435,16.7969,3.6,90639.5,0.302,192.807,163.3644,0.0245,185.0173,0.3369
1,736.47,225.645,0.0002,0.0168,0.0318,19.4,0.7102,0.0688,0.5072,1.4416,0.1309,0.942,18.9866,0.0326,24.4939,37.5159,57.3508,310.7143,1200,16.9245,4.8214,138616.5,0.2575,200.3211,198.4596,0.0573,197.0327,0.3224
1,701.925,238.14,0.0011,0.0408,0.0574,20.6,0.6754,0.1401,0.5721,1.3517,0.1109,0.9518,17.9456,0.2251,21.753,114.5015,31.6825,10,2000,16.8634,5.1,148476.5,0.3735,200,186.411,0.0027,218.99,0.2385
1,732.795,204.33,0.0004,0.031,0.0545,1,0.7452,0.1262,0.3117,1.8013,0.1663,0.9259,22.7264,0.0737,17.8799,140.826,614.4358,72,1071.4286,16.9893,3.84,146953.5,0.392,145,91.625,0.0008,194.2957,0.244
1,687.225,174.93,0.0001,0.0931,0.1153,8.3,0.8139,0.337,0.5054,1.4203,0.1172,0.9473,14.7882,0.0189,19.964,38.0889,173.5335,217.2414,1363.6364,16.1316,4.0345,110806.5,0.2753,172.5556,115.5714,0.0034,196.2174,0.3607
1,637.245,181.545,0,0.0695,0.0922,13.9,0.8383,0.289,0.4761,1.4539,0.1284,0.9421,14.4062,0.0047,19.2707,102.3925,202.9452,96,2500,16.1505,4.8,109498.5,0.3286,209.0976,184.404,0.0193,205.3294,0.326
1,668.115,212.415,0.0001,0.0158,0.0313,13.7,0.5163,0.0575,0.499,1.4588,0.1255,0.9424,22.0351,0.0165,26.424,24.1486,618.1176,329.0323,3333.3333,17.1979,5.0323,139213,0.292,204.5455,157.4255,0.0181,195.6252,0.2609
1,714.42,167.58,0.0022,0.0791,0.1021,13.2,0.7572,0.2759,0.3796,1.6506,0.1935,0.917,15.7293,0.3303,13.3357,148.7586,141.2523,125,4800,16.7638,4,112398,0.2866,195,118.2813,0.0014,196.1256,0.2011
1,542.43,238.875,0,0.0523,0.072,20.3,0.7941,0.1946,0.3538,1.6942,0.166,0.9252,17.1784,0.0092,32.2267,21.3894,991.024,357.6923,5217.3913,16.5132,6.1154,115988.5,0.2314,184.9652,149.5819,0.0805,187.5609,0.3797
1,637.98,227.115,0.0003,0.0129,0.0273,14.9,0.5719,0.0515,0.479,1.5283,0.1434,0.9369,23.0323,0.0737,32.5038,49.5493,88.7592,358.0645,2068.9655,17.0893,4.5484,141613.5,0.2615,207.4627,227.812,0.0505,202.4164,0.2043
1,748.965,192.57,0.0003,0.0298,0.0517,15.7,0.6615,0.1161,0.5911,1.261,0.0873,0.9602,16.4708,0.0454,18.413,58.0664,1424.2198,245.4545,1428.5714,16.8508,6,130209,0.2583,206.25,124.4667,0.0019,172.6148,0.2853
1,651.21,188.895,0.0003,0.0308,0.0478,19.8,0.7402,0.1157,0.6074,1.2044,0.0936,0.9573,17.1529,0.0614,21.1627,167.1208,616.017,66.6667,7058.8235,16.6546,5.6667,119694.5,0.1964,186.7265,174.098,0.0847,205.5647,0.3257
1,748.965,199.185,0.0002,0.0305,0.0498,23.8,0.517,0.0739,0.4709,1.5166,0.1376,0.9368,19.1134,0.0347,18.8,45.9922,1046.9255,155.1724,5000,17.1219,4.4483,127625.5,0.3269,188.5,113.6,0.0071,201.0459,0.283
1,672.525,178.605,0.0003,0.0575,0.0791,11.4,0.8357,0.2266,0.352,1.6732,0.1458,0.9319,18.3002,0.055,21.2166,44.9038,62.4403,206.8966,2500,16.2576,4.1379,122538.5,0.2794,221.7041,167.327,0.0231,205.1799,0.2889
1,707.07,170.52,0.0001,0.1657,0.1882,14.8,0.8331,0.4489,0.3451,1.6803,0.147,0.9321,15.9239,0.024,16.6906,125.2,1206.4869,0,2222.2222,15.5699,6.75,120572,0.3285,197.2102,200.5802,0.0542,194.6127,0.2836
1,649.74,207.27,0.0001,0.0126,0.0247,19.1,0.639,0.0454,0.475,1.5113,0.1347,0.9417,19.6451,0.0154,27.2093,17.7212,124.5916,433.3333,0,17.0895,5.8889,134572.5,0.3909,207.6364,141.0424,0.0044,222.4087,0.1751
1,669.585,181.545,0.0001,0.0736,0.0968,13,0.8355,0.2708,0.3963,1.662,0.1617,0.9285,17.0006,0.0164,16.6663,165.5254,172.8293,150,4090.9091,16.2976,4.8333,125956.5,0.3237,221.039,163.5135,0.0397,214.5528,0.1504
1,703.395,185.955,0.0001,0.0632,0.0798,10,0.743,0.2316,0.5139,1.4292,0.1151,0.9466,15.8477,0.01,19.7135,69.7994,1153.5837,150,6818.1818,16.4028,4.9286,122102,0.2575,186.1765,148.7359,0.0125,197.9295,0.2963
1,637.245,219.03,0.0001,0.0642,0.0839,16.9,0.694,0.1748,0.4252,1.577,0.1562,0.9291,15.8224,0.011,24.1871,2.7489,209.8674,320,1111.1111,16.7435,5.2,114224,0.2703,204.5714,114.6444,0.003,178.9702,0.3665
1,672.525,210.21,0.0003,0.0213,0.0428,19.7,0.6931,0.1187,0.437,1.5925,0.1406,0.9364,20.2258,0.055,24.1724,70.2201,485.8772,222.2222,2307.6923,17.057,5.3333,133006.5,0.321,186.3333,151.3333,0.0009,203.1401,0.2683
1,666.645,195.51,0.0004,0.0204,0.0384,12,0.6442,0.0974,0.5762,1.2859,0.1162,0.9493,17.592,0.0675,23.897,112.6931,575.5774,137.5,7500,16.8898,4.875,124287,0.4419,183,91.625,0.0007,193.3692,0.1978
1,640.92,189.63,0.0002,0.0265,0.0456,21.2,0.7942,0.1648,0.4867,1.4705,0.1238,0.9444,17.2177,0.0328,22.3967,100.8544,1878.2886,214.2857,7500,16.541,5.5714,122862,0.3484,195.3529,124.6387,0.0074,203.2636,0.3081
1,715.89,177.135,0.0012,0.0757,0.1144,12.2,0.7526,0.2532,0.3154,1.7176,0.1547,0.9304,16.3674,0.1732,17.1745,79.7319,812.3916,62.069,1034.4828,16.5839,4.5517,109903,0.2912,225.7595,163.8029,0.0186,214.8743,0.2433
1,664.44,163.905,0.0001,0.0757,0.1057,20.9,0.8389,0.2912,0.3024,1.7663,0.172,0.9229,16.3678,0.0105,18.9867,161.657,9.2796,105.8824,2500,16.3409,3.5294,113995.5,0.4361,167.2778,142.4878,0.0077,199.0267,0.2161
1,706.335,168.315,0.0001,0.0507,0.0697,21.7,0.7749,0.1708,0.4536,1.4614,0.1349,0.9371,13.5671,0.0113,20.7481,0.5426,81.1056,332.1429,1250,16.7064,4.3929,94019.5,0.2969,204.4054,124.8678,0.006,198.5384,0.3347
1,697.515,178.605,0,0.0513,0.0688,12.6,0.8545,0.2019,0.5397,1.3418,0.1148,0.9466,15.4338,0.0057,17.1005,37.6828,391.8965,105.8824,3913.0435,16.3514,4.4118,116931,0.2541,220.5,128.125,0.0024,186.9595,0.3071
1,601.23,198.45,0,0.1777,0.1875,0,0.7703,0.4239,0.5081,1.4676,0.1317,0.9394,16.0765,0.0017,27.7842,46.9667,399.4502,355.5556,2000,15.8126,5.3333,127495,0.3455,208.5849,145.4213,0.0072,184.7502,0.2924
1,625.485,185.955,0,0.0257,0.0434,15,0.8088,0.1087,0.4132,1.5956,0.1531,0.929,17.2244,0.0016,22.172,92.1442,187.5408,115.3846,2222.2222,16.7777,4.8462,112601,0.3134,210.7316,230.9367,0.1102,213.0598,0.281
1,701.19,211.68,0,0.1233,0.1436,20.1,0.7645,0.2683,0.3947,1.7435,0.1682,0.926,16.8934,0.0071,22.5357,35.4928,1825.4649,288.8889,2727.2727,16.1184,6.4444,132153,0.3106,232.3253,172.6528,0.0254,201.191,0.33
1,635.775,174.93,0,0.2387,0.2585,15,0.7531,0.5629,0.3202,1.6683,0.159,0.9256,14.3377,0.0031,23.1625,47.2086,785.6747,288.4615,1875,15.556,5.1923,99749,0.2917,185.0513,131.8182,0.0138,199.3323,0.2616
1,707.805,210.21,0,0.0268,0.0516,1,0.7495,0.1222,0.4063,1.6273,0.1504,0.9301,19.7751,0.0014,17.9521,87.4556,583.139,92.3077,1153.8462,16.7927,5.7692,125400,0.3355,217.209,147.7554,0.0156,193.9516,0.2262
1,594.615,135.975,0,0.2262,0.2546,14.8,0.7193,0.4774,0.3852,1.5403,0.1524,0.9264,10.9363,135.3851,19.5849,55.4102,134.3923,216,0,15.9941,4.32,80502,0.2847,207.0313,122.9538,0.0122,183.6151,0.333
1,707.07,146.265,0,0.2829,0.3059,13.6,0.6864,0.6191,0.3396,1.6642,0.1365,0.9353,13.2418,159.1504,13.6616,173.7138,88.9329,126.3158,2608.6957,15.3104,3.7895,112530.5,0.322,183.3,123.2782,0.0057,222.2453,0.1428
1,609.315,169.05,0,0.1659,0.1896,13,0.8112,0.5051,0.5364,1.3359,0.1237,0.942,11.5756,163.1644,19.8544,150.7652,536.8934,0,3000,15.6326,6,99418.5,0.2609,194.3333,114.9714,0.0028,181.3916,0.3018
1,668.85,186.69,0,0.0416,0.0602,1,0.7643,0.1262,0.503,1.436,0.1183,0.9474,17.2909,173.8065,21.8445,50.412,148.0918,252,2500,16.5778,4.68,116250.5,0.512,196.5745,141.1683,0.009,221.6243,0.1706
1,715.155,241.815,0,0.0354,0.0531,19.3,0.6154,0.1311,0.4753,1.5793,0.1173,0.9461,20.8958,235.5881,29.9298,75.0128,406.7041,387.5,3461.5385,16.8409,5.125,168482,0.3235,207.8,188.1335,0.0217,205.4345,0.1784
1,640.92,213.15,0,0.0973,0.1155,13.4,0.8436,0.3101,0.404,1.6521,0.1697,0.9265,16.9249,191.0465,27.036,32.0745,207.3946,420,2608.6957,16.1258,6.6,122445.5,0.3582,198.9286,114.7729,0.0169,196.8285,0.25
1,608.58,212.415,0,0.1366,0.153,15.1,0.789,0.3964,0.408,1.6387,0.1494,0.9319,16.4849,210.2534,29.0762,66.1359,1544.2424,372,6000,15.997,4.92,127956,0.2722,216.587,147.3791,0.01,194.4117,0.3069
1,662.97,200.655,0,0.1486,0.1688,21.9,0.8285,0.4215,0.3933,1.6436,0.1456,0.933,14.4816,183.6667,21.0332,64.5177,288.6882,155.1724,2222.2222,15.6355,4.6552,121765.5,0.3353,191.1429,116.4545,0.0107,193.2144,0.2481
1,588,191.835,0,0.1218,0.1427,16.4,0.8396,0.3427,0.3516,1.6576,0.1436,0.9336,15.204,183.3707,21.4811,71.472,252.0723,160.7143,3214.2857,15.9409,6.3214,107822,0.3417,183.4783,101.1731,0.007,166.0992,0.3309
2,634.305,173.46,0,0.046,0.0665,18.4,0.5968,0.1144,0.549,1.2906,0.0958,0.9549,12.3588,0.0063,19.4806,93.8851,365.4561,72.4138,2500,17.2545,4.0345,102738,0.488,204.4706,121.209,0.0039,226.6638,0.127
2,597.555,172.725,0.0001,0.0818,0.0982,20.6,0.7827,0.2331,0.6062,1.2063,0.0927,0.9564,11.8238,0.0184,18.851,71.3338,744.1485,62.069,1071.4286,16.3037,5.3793,101093,0.3099,215.8046,146.0231,0.0274,192.6932,0.2021
2,689.43,163.905,0,0.0449,0.0697,19,0.8719,0.2116,0.3617,1.5845,0.1541,0.9316,15.3858,0.0058,17.9393,38.2225,863.288,240,3000,16.2419,5.04,99119.5,0.2527,222.4209,159.6112,0.0451,209.9746,0.2665
2,611.52,132.3,0.0001,0.2497,0.2783,15.1,0.7395,0.5023,0.4625,1.4154,0.1308,0.9406,8.4043,0.0065,15.9725,82.9503,580.8662,117.3913,4285.7143,15.5428,4.0435,75939,0.2963,198.3333,132.2368,0.0019,208.6125,0.3213
2,710.01,184.485,0.0018,0.0307,0.0526,15.1,0.6642,0.1288,0.5657,1.3097,0.1059,0.9544,17.3466,0.293,21.9382,84.9646,474.0998,234.7826,1304.3478,16.8755,4.6957,123946.5,0.2811,189.5556,111.5106,0.004,200.8455,0.3329
2,660.765,264.6,0.0001,0.0121,0.0207,13.2,0.1964,0.02,0.5249,1.4241,0.129,0.9528,31.6023,0.0151,28.4539,145.6317,216.1431,177.2727,4090.9091,17.6886,5.0455,187313,0.284,213,138.4476,0.0053,210.4626,0.2149
2,647.535,191.835,0.0017,0.0138,0.0263,12.5,0.3412,0.042,0.5182,1.3806,0.1123,0.9489,19.8218,0.2934,24.1217,39.5917,161.2638,322.2222,2307.6923,17.895,5.2222,116384,0.3841,213.2644,136.5,0.0197,207.0788,0.1619
2,649.005,188.16,0,0.0364,0.0506,12.8,0.6747,0.1249,0.5679,1.2745,0.0952,0.9565,14.5104,0.0077,19.451,110.3014,606.7749,44.4444,6818.1818,16.9099,4.2222,107382.5,0.3353,215.5,156.5042,0.0092,214.8533,0.2041
2,688.695,186.69,0.0005,0.0121,0.0262,13.7,0.4628,0.0432,0.5163,1.3853,0.1163,0.9452,19.0028,0.0842,21.8049,83.3282,474.0642,200,0,17.6075,4,117355,0.3961,167.7143,80,0.0028,195.3267,0.2464
2,613.725,156.555,0,0.0434,0.0638,18.9,0.6581,0.127,0.3643,1.6117,0.1446,0.9311,14.1828,0.0049,18.5816,160.9295,484.8157,42.8571,1428.5714,17.0792,3.2857,101336.5,0.2138,222.3721,125.1793,0.0202,200.0345,0.3112
2,618.135,181.545,0.0008,0.0266,0.0537,10.9,0.6329,0.0791,0.5037,1.4331,0.1728,0.9322,14.2862,0.1278,21.0634,98.7573,384.0989,82.7586,4615.3846,16.9887,5.7931,105679.5,0.369,225.7674,156.3419,0.0103,210.7644,0.1857
2,589.47,160.965,0.0019,0.0359,0.0632,12.8,0.7819,0.1986,0.5678,1.2342,0.1139,0.9481,11.7383,0.2579,15.2035,114.9911,287.7458,51.7241,1034.4828,16.4343,5.4828,85231.5,0.2733,150,60.2,0.0008,180.0267,0.3271
2,672.525,152.145,0.0008,0.1266,0.1527,12.8,0.604,0.263,0.5452,1.2977,0.1047,0.9526,13.1555,0.119,19.1243,55.2837,454.5169,350,0,16.5806,4.8333,99787.5,0.309,207.5,149,0.0011,185.5519,0.3496
2,724.71,188.895,0.0011,0.0668,0.0875,17.5,0.8045,0.2634,0.5356,1.3721,0.1241,0.9479,14.1769,0.1752,18.6065,48.1619,160.013,216,1250,16.2092,5.52,121215.5,0.2088,210.2917,140.6661,0.0322,201.7297,0.3369
2,617.4,250.635,0.0001,0.0044,0.014,15.8,0.1333,0.0109,0.4843,1.4871,0.1262,0.9464,30.2316,0.0162,32.9287,112.8155,343.2137,180,2307.6923,18.0132,4.4,168174,0.2857,216.4468,140.7145,0.0287,195.8046,0.3223
2,654.15,167.58,0.0029,0.0291,0.0422,17.8,0.6726,0.1344,0.4573,1.4977,0.1292,0.9402,17.7194,0.4708,23.0233,87.6887,603.6215,285.7143,0,16.8614,4,109827,0.4444,231.5652,138.1985,0.0053,219.5966,0.0931
2,560.805,166.845,0.0001,0.0305,0.0425,12.2,0.6452,0.0939,0.5306,1.3552,0.139,0.939,14.6882,0.0125,22.5675,95.844,171.6235,128.5714,2307.6923,16.9122,4.2857,99790.5,0.2778,188.25,109.76,0.0029,188.115,0.2796
2,610.785,187.425,0.0011,0.0114,0.0332,22.1,0.4671,0.0386,0.6427,1.1316,0.1106,0.9571,14.4052,0.1834,20.2551,138.5059,96.7632,22.2222,4090.9091,17.531,3.7778,109445,0.2663,232.5385,153.0849,0.0048,188.7512,0.2876
2,592.41,197.715,0.0001,0.0101,0.028,16,0.5145,0.0319,0.5191,1.3881,0.1234,0.9454,19.3194,0.0236,27.044,54.5123,226.7648,336,0,17.4051,5.52,127926.5,0.2886,187.6923,99.4091,0.0034,176.0953,0.3276
2,633.57,152.145,0,0.1483,0.1736,13.1,0.8001,0.421,0.4672,1.45,0.1397,0.9388,10.6127,0.0032,19.4964,95.4703,445.5973,236.8421,0,15.7423,5.2105,90614.5,0.2623,192.5,108.1786,0.0026,183.2838,0.403
2,618.135,177.135,0,0.3078,0.3261,18,0.6581,0.6241,0.5595,1.2954,0.1055,0.9528,11.6287,0.0016,20.8173,146.7994,135.2516,26.087,3461.5385,15.18,4.4348,110866,0.3728,207.88,163.593,0.0091,209.6951,0.1946
2,698.25,151.41,0.0014,0.0264,0.0525,12.2,0.5035,0.1056,0.5402,1.3125,0.1339,0.9394,12.6021,0.1633,11.5047,62.4769,65.1538,0,1363.6364,17.4391,4.2581,87596,0.2449,199,146.6489,0.0073,190.059,0.1707
2,640.92,177.135,0.0015,0.0465,0.071,14.3,0.6873,0.1852,0.5598,1.3379,0.1299,0.9436,14.8055,0.2559,19.3911,239.8811,1427.2288,123.5294,0,16.9332,5.8235,115566,0.246,189,70,0.0018,185.6478,0.2796
2,571.095,227.85,0.0002,0.014,0.0295,10.6,0.3845,0.0337,0.524,1.3684,0.121,0.9491,21.3329,0.049,33.0845,34.1587,209.5854,406.4516,2727.2727,17.6737,6,127858,0.2156,211.7692,141.1901,0.0084,177.3115,0.3149
2,571.83,136.71,0.0003,0.1371,0.1699,13.2,0.7497,0.2404,0.4636,1.4644,0.1801,0.9246,10.1079,0.0385,19.9214,88.6921,133.6481,240,1153.8462,16.3363,5.4,76110.5,0.281,195.3125,100.2039,0.0079,192.9989,0.1984
2,593.145,147,0.0001,0.1797,0.206,19.6,0.7325,0.4154,0.4108,1.569,0.1578,0.9305,11.6592,0.0118,20.4644,121.2988,520.1784,114.2857,1363.6364,16.2433,3.7143,95479.5,0.3202,204.5882,117.4773,0.0067,200.3438,0.3126
2,637.98,213.15,0.0007,0.1145,0.1258,12.9,0.7406,0.3233,0.5498,1.3756,0.1158,0.9482,18.4327,0.1364,25.9689,140.3578,578,143.4783,1111.1111,16.5194,4.8261,135228,0.3509,220.0667,134.4974,0.0071,211.7897,0.228
2,718.095,192.57,0.0002,0.0292,0.0465,13.9,0.5908,0.0852,0.531,1.4203,0.1492,0.9389,17.8396,0.0334,19.8964,50.0518,247.5551,204,2500,17.0225,5.16,129232.5,0.4295,211.3023,151.4056,0.0129,216.0218,0.1266
2,689.43,205.065,0.0005,0.0463,0.0575,12.8,0.757,0.1553,0.5121,1.4325,0.1237,0.9426,19.346,0.0812,24.3137,75.3783,566.0442,313.6364,1071.4286,16.4792,5.5909,129425.5,0.311,204.5238,114.9476,0.0052,188.9581,0.2682
2,682.815,230.055,0.0003,0.0127,0.0273,13.9,0.3122,0.0274,0.5664,1.2942,0.1132,0.95,20.3475,0.0483,22.2219,78.2847,598.9305,116.129,5454.5455,17.6137,6.7742,127975,0.3145,191.1429,85.5161,0.0034,179.3837,0.3704
2,725.445,219.03,0,0.0949,0.1162,15.7,0.829,0.3372,0.3902,1.7468,0.1519,0.9288,19.6325,0.0041,21.8386,126.7949,800.1222,135,6818.1818,16.1569,5.55,161537.5,0.3176,208.0875,139.864,0.0155,189.6074,0.3307
2,655.62,137.445,0.0001,0.0341,0.0608,14.5,0.6292,0.1017,0.5136,1.3743,0.113,0.9474,13.1775,0.0153,15.3943,163.7136,229.7665,33.3333,2608.6957,17.1934,4,99337,0.2235,203.1364,115.883,0.0095,195.9613,0.2976
2,608.58,183.015,0.0001,0.0076,0.0311,17.3,0.4222,0.0279,0.6209,1.1644,0.1123,0.9561,17.2067,0.0131,20.3341,218.9584,372.285,83.3333,1304.3478,17.3478,4.8333,116499,0.3059,220.2578,175.9012,0.0381,207.2874,0.3653
2,579.915,153.615,0.0002,0.0166,0.0388,14,0.5746,0.0814,0.6365,1.0628,0.0791,0.9653,10.9265,0.0207,23.2802,28.0256,1433.5906,496.1538,3214.2857,16.8676,6.5769,81487,0.3563,203.4231,128.623,0.0078,204.9126,0.1515
2,673.26,163.17,0.0002,0.0199,0.0474,16.2,0.5892,0.0759,0.3434,1.6607,0.1508,0.9282,15.8715,0.0282,16.9777,134.605,921.9834,0,6521.7391,17.2879,4,105564,0.2849,193.2308,127.4444,0.0052,212.3155,0.2528
2,702.66,215.355,0.0001,0.0419,0.0572,15.1,0.707,0.1396,0.3887,1.6569,0.1457,0.9343,18.888,0.0171,21.9382,41.3618,544.6983,227.5862,0,16.6972,4.9655,122177.5,0.2626,167.8667,94.5255,0.0059,190.4698,0.2365
2,576.24,223.44,0.0003,0.014,0.0214,10.9,0.398,0.036,0.4773,1.5011,0.1431,0.9345,22.4033,0.0642,32.2219,82.0915,14.7031,244.4444,1935.4839,17.3747,4.8889,132053.5,0.2733,196.7143,91.915,0.0136,193.0919,0.2159
2,626.22,175.665,0.0023,0.0639,0.0917,10.6,0.7337,0.2454,0.4212,1.5581,0.1529,0.932,12.6621,0.3497,19.7019,112.0751,649.4725,34.6154,1666.6667,16.5558,4.0385,101502.5,0.3511,228.5556,115.6333,0.0066,184.9939,0.211
2,660.765,225.645,0,0.0098,0.0239,11.6,0.2685,0.0255,0.4647,1.5055,0.141,0.9369,23.6501,0.003,28.3603,1.2979,1101.5396,425.8065,6250,17.6469,5.8065,134799,0.236,219.7843,118.853,0.0156,203.9468,0.1803
2,732.06,185.955,0.0009,0.071,0.0909,14.5,0.7352,0.232,0.4814,1.4777,0.1224,0.9461,16.3722,0.1462,18.2572,60.0432,569.3865,103.8462,3214.2857,16.7012,4.0385,128089,0.3514,206.3043,111.6733,0.0065,207.5972,0.2385
2,680.61,174.195,0.0001,0.0438,0.0623,13.7,0.726,0.1521,0.399,1.6342,0.154,0.9323,16.8083,0.0206,18.1413,80.9327,41.347,82.7586,2068.9655,16.7996,4.3448,113831,0.4224,214.0909,153.5593,0.0102,217.9629,0.229
2,694.575,177.87,0.0001,0.0156,0.0294,14.3,0.4451,0.0674,0.4598,1.4835,0.1274,0.9402,17.5092,0.0187,17.4381,32.6276,717.1145,190,3750,17.3368,4.7,108055,0.3357,185.2857,126.1525,0.004,190.7812,0.2477
2,721.77,213.885,0.0002,0.0268,0.0378,14.7,0.4972,0.0793,0.5038,1.4407,0.1301,0.9457,20.6602,0.0374,23.3589,20.7213,938.3345,281.8182,4285.7143,17.1697,4.6364,129784.5,0.363,209.1679,125.6633,0.0273,184.7022,0.2486
2,693.105,144.06,0.0004,0.0348,0.0527,12.7,0.574,0.0944,0.6252,1.105,0.0887,0.9589,12.3332,0.0491,17.5915,23.5782,822.1162,436.3636,2400,17.1281,5.4545,80103,0.3929,168.2222,140.0909,0.0027,222.4313,0.1475
2,518.175,178.605,0.0003,0.0766,0.0942,12.2,0.7036,0.2075,0.4379,1.5115,0.1288,0.9406,15.7006,0.0637,29.0826,103.7357,877.3118,203.5714,1304.3478,16.3672,3.75,101566.5,0.2947,202.8846,136.396,0.0168,201.5359,0.296
2,701.19,138.18,0.0015,0.0103,0.0354,12.3,0.3809,0.0389,0.5789,1.2321,0.0891,0.959,14.8266,0.1997,15.842,71.6244,558.0125,171.4286,4500,17.6011,3.4286,96047.5,0.2552,205.7273,137.4911,0.0068,202.2667,0.2952
2,629.16,237.405,0.0002,0.0045,0.0155,13.4,0.2536,0.0109,0.4615,1.5783,0.1349,0.9397,29.4844,0.0445,31.5137,72.8775,125.4351,332.1429,2222.2222,17.9935,5.6786,171526,0.3548,211.6364,121.5135,0.007,196.8141,0.2508
2,662.235,181.545,0.0003,0.0502,0.0651,18.6,0.6285,0.1169,0.5159,1.4232,0.1222,0.9466,15.7731,0.0544,18.0776,80.9793,1005.0478,136.3636,0,16.4609,6.5455,113297,0.2649,200,152.8214,0.0026,215.8128,0.2388
2,646.065,185.22,0,0.1998,0.2179,20.5,0.7145,0.4686,0.3806,1.64,0.1447,0.9312,15.1281,0.0077,19.0116,128.4915,484.9407,40.9091,3600,15.9627,3.4091,117587,0.2638,221.1111,104.2381,0.0042,186.343,0.3242
2,565.95,189.63,0.0005,0.0067,0.021,15.8,0.2495,0.0198,0.6341,1.1055,0.0801,0.9643,15.988,0.0777,26.3069,42.0285,694.0533,384,3214.2857,18.1763,6.48,98620,0.378,199.4286,130.2239,0.0051,217.0259,0.2245
2,701.925,178.605,0.0004,0.0421,0.0614,12.4,0.6161,0.1432,0.625,1.1699,0.0995,0.9579,15.0394,0.0513,20.5111,14.3464,401.2081,300,1111.1111,17.0149,5.3571,106427.5,0.2247,207.0556,110.8889,0.0055,208.1324,0.2675
2,720.3,198.45,0.0002,0.1214,0.1391,14.9,0.7902,0.407,0.5165,1.4287,0.1021,0.9518,16.0365,0.0361,20.181,115.7772,2.19,142.8571,2727.2727,16.1474,4.2857,139356.5,0.3269,187.7778,115.6119,0.0028,206.1503,0.1757
2,680.61,186.69,0.0011,0.0153,0.0329,16.4,0.3211,0.0409,0.4596,1.5356,0.1401,0.9373,20.1258,0.1851,20.272,57.8851,700.2351,212.5,3600,17.6322,4.375,122837,0.3514,193.619,115.5652,0.0062,203.2424,0.1919
2,673.26,185.955,0.0007,0.0599,0.0754,16.9,0.6724,0.19,0.5017,1.4435,0.1178,0.9468,16.7321,0.1084,22.8242,56.2093,1133.4371,405,1500,16.7847,4.95,112900,0.2228,203.8387,123.8346,0.0271,203.877,0.2647
2,621.075,144.795,0.0001,0.0546,0.0748,16.8,0.7276,0.1504,0.6279,1.132,0.1054,0.956,10.6818,0.0113,17.2633,74.3973,1237.5728,163.6364,6818.1818,16.5846,4.0909,77955,0.3317,220.6117,137.6121,0.0175,192.4967,0.3059
2,723.24,184.485,0.0007,0.0251,0.04,10.5,0.5395,0.0715,0.6024,1.2139,0.094,0.9586,16.4568,0.1092,17.5424,65.9505,543.3776,103.8462,4137.931,16.918,5.4231,114145,0.3757,216.0357,177.3985,0.0138,222.7185,0.1938
2,657.09,151.41,0.0002,0.0315,0.0461,12.9,0.5161,0.0664,0.4693,1.4367,0.1372,0.9363,15.1561,0.0335,15.9504,91.4446,118.4992,81.8182,2608.6957,17.1513,4.3636,98211.5,0.3409,220.5357,125.7876,0.0113,201.8303,0.1729
2,640.92,133.77,0.0004,0.0715,0.0924,15.8,0.7045,0.235,0.4434,1.4724,0.1501,0.9303,11.9436,0.0437,15.1275,123.1554,220.1605,66.6667,2400,16.635,4.3333,82042,0.2454,196.5952,131.6736,0.0159,177.3986,0.3056
2,626.955,234.465,0,0.0175,0.0275,14,0.4347,0.0345,0.5493,1.3526,0.1053,0.954,23.0424,0.0064,31.7648,48.0819,356.9315,403.4483,3461.5385,17.3885,5.2759,148293.5,0.3571,192.3333,115.2678,0.0094,195.5209,0.259
2,627.69,171.99,0.0004,0.1404,0.1729,16.2,0.8125,0.3686,0.4353,1.5427,0.1528,0.9299,11.8314,0.0526,21.5561,68.3454,137.5032,200,1071.4286,15.939,5.7778,100152,0.2751,209.4,126.2308,0.0043,183.9958,0.3433
2,579.915,147.735,0.0002,0.2539,0.2755,14.5,0.7145,0.5117,0.4659,1.4235,0.132,0.9375,9.5055,0.0293,14.8767,76.963,548.1222,0,4137.931,15.4792,4.6452,81620.5,0.2264,201.0854,108.5114,0.024,160.5394,0.3252
2,564.48,155.085,0.0002,0.0179,0.0321,15.4,0.3054,0.0498,0.588,1.1765,0.0898,0.9581,12.7122,0.0248,18.6224,46.6948,287.5424,134.4828,0,17.7276,4.2414,77170,0.3375,221.7879,125.6329,0.0109,220.6195,0.2016
2,679.14,178.605,0.0009,0.034,0.0517,11.8,0.6822,0.1188,0.5175,1.3679,0.1126,0.9494,15.0381,0.1355,18.9904,61.6195,1131.6828,138.4615,2307.6923,16.8154,4.8462,103567.5,0.3148,205.4444,120.4957,0.0105,214.2433,0.1176
2,690.165,220.5,0.0002,0.0266,0.047,18.2,0.6049,0.0795,0.5974,1.2392,0.0992,0.9552,18.1502,0.0304,20.7754,52.387,834.7465,160,5769.2308,16.8072,5.4,124115,0.3054,193,125.6543,0.0105,205.5989,0.2656
2,721.035,169.05,0.0003,0.0469,0.0625,20,0.6321,0.1345,0.45,1.5499,0.1293,0.9403,18.4596,0.0402,16.2265,98.0753,407.1357,95.4545,1250,16.8739,4.5,119395,0.2842,218.6774,110.6725,0.0066,198.9752,0.3157
2,694.575,190.365,0.0002,0.0173,0.0332,12.8,0.2689,0.0471,0.5696,1.2524,0.0961,0.9575,17.5834,0.0259,24.2977,21.686,364.153,455.1724,1363.6364,17.1644,4.7586,107559,0.3296,214.375,128.4,0.0035,191.6408,0.3454
2,707.805,177.135,0.0001,0.1078,0.1281,13,0.7823,0.3211,0.5921,1.2516,0.0917,0.9565,13.9475,0.0212,18.6512,69.5647,637.0027,168,1153.8462,16.1401,4.8,114253.5,0.3125,205.2,127.6553,0.0219,169.6502,0.3599
2,772.485,194.775,0.0001,0.0443,0.0751,10.8,0.6933,0.1616,0.3978,1.6571,0.1558,0.9278,18.7107,0.0181,19.1458,106.1689,179.631,117.3913,1034.4828,17.1689,4.3043,129338,0.3446,201.4058,119.6692,0.0174,214.2966,0.2472
2,747.495,182.28,0.0018,0.0146,0.0362,17.4,0.5603,0.0703,0.5967,1.2453,0.0915,0.959,17.6094,0.2702,13.1429,102.026,410.1236,13.0435,5217.3913,17.0505,6.3913,120397,0.2422,216.0417,123.4343,0.011,197.5783,0.1913
2,584.325,194.04,0.0001,0.0192,0.0302,14.5,0.4697,0.0671,0.5231,1.4091,0.1237,0.9466,17.8321,0.0171,28.1204,116.8112,209.7577,155.5556,3157.8947,17.5315,3.7778,116165,0.2961,222.1977,134.7624,0.0203,199.2328,0.2635
2,560.805,183.015,0.0002,0.0253,0.0458,13.5,0.4134,0.0595,0.588,1.2121,0.1106,0.9514,13.5064,0.025,8.6597,216.2948,253.5358,455.5556,4500,17.3568,5.8889,82100,0.3333,207.6,92.1667,0.0066,197.2033,0.2612
2,626.955,180.075,0.0002,0.0395,0.0571,15.4,0.4759,0.1186,0.6167,1.1848,0.0971,0.9615,16.9473,0.0351,26.0023,55.8596,772.9002,348,2222.2222,17.4056,5.16,112681,0.3011,189.9074,114.0576,0.0156,205.8973,0.2089
2,715.155,147,0.0013,0.0526,0.0741,11.2,0.7213,0.1558,0.5469,1.3091,0.117,0.9445,12.7763,0.1594,13.464,62.9804,615.5511,69.2308,6315.7895,16.766,3.9231,92706,0.2651,198.4118,122.4259,0.0061,209.7509,0.1958
2,612.255,117.6,0.0003,0.0552,0.086,11.1,0.6764,0.1648,0.4651,1.3895,0.127,0.9413,10.3562,0.0327,16.9864,51.103,437.6162,166.6667,0,16.7812,4.1111,70726,0.2649,211.8788,114.6887,0.0152,195.0977,0.2525
2,651.945,133.77,0.0004,0.0404,0.0699,13.2,0.8179,0.1502,0.622,1.1649,0.0949,0.9572,11.3533,0.0552,16.7378,113.0633,218.9454,68.1818,1153.8462,16.5414,5.3182,94325.5,0.3421,209,129.7977,0.0064,219.2164,0.1585
2,708.54,174.195,0.0001,0.0781,0.1023,11,0.7692,0.227,0.5195,1.3804,0.1318,0.9387,13.1759,0.0169,21.5072,8.6741,279.7856,384,0,16.3924,4.8,102198.5,0.2566,212.9,100.4851,0.0095,186.1766,0.2364
2,682.08,203.595,0.0001,0.1039,0.1235,16,0.7802,0.3654,0.4825,1.4829,0.1403,0.9388,14.1506,0.0132,18.0254,44.7941,789.6069,154.8387,5555.5556,15.9375,5.8065,117461.5,0.2235,223.4286,136.0897,0.0048,206.3897,0.3326
2,705.6,210.945,0.0007,0.1431,0.1768,11.9,0.7612,0.4236,0.3292,1.739,0.1728,0.9236,17.321,0.1219,20.6782,130.0683,880.4031,78.2609,6428.5714,16.1496,4.6957,132149,0.3643,202.6452,107.0183,0.0077,181.6898,0.2832
2,598.29,157.29,0.0001,0.02,0.0436,12.1,0.6396,0.1071,0.5575,1.2954,0.1258,0.9476,13.6701,0.0084,18.5772,94.698,320.5016,142.8571,0,16.9403,5.4286,92221,0.2537,189.2632,144.2209,0.0148,180.6468,0.3045
2,588.735,145.53,0.0007,0.3009,0.3265,10.7,0.6813,0.586,0.4063,1.5553,0.1474,0.9328,11.4463,0.1053,16.3347,175.9607,675.6804,114.2857,1071.4286,15.3913,5.1429,89985.5,0.2774,214.0536,108.7092,0.0209,207.8859,0.2014
2,644.595,189.63,0.0002,0.0178,0.0348,13.9,0.4856,0.0453,0.5815,1.2719,0.1344,0.9504,18.1748,0.0341,23.6102,66.4858,151.7705,225,3750,17.3844,4.6071,117563,0.2697,152.0833,100.4234,0.0082,175.9339,0.3372
2,670.32,154.35,0.0006,0.089,0.1162,15,0.6149,0.1631,0.6164,1.1571,0.0869,0.9599,11.2489,0.0716,10.3384,103.5374,994.7317,93.1034,5769.2308,16.7845,5.2759,87458,0.2688,211.2857,167.1927,0.0073,222.289,0.164
2,625.485,195.51,0.0002,0.0172,0.0332,14.8,0.4686,0.0732,0.5276,1.3744,0.1177,0.9505,17.5479,0.0336,27.4804,33.4105,767.7133,351.7241,1111.1111,17.3151,4.1379,113524.5,0.3121,208.9038,125.0207,0.0125,201.8044,0.2775
2,697.515,154.35,0.0009,0.1058,0.1486,9.7,0.7506,0.2835,0.4332,1.4514,0.1385,0.9364,9.02,0.0903,10.4601,31.087,1432.4876,72.4138,6923.0769,16.3487,4.0345,73063.5,0.3253,153,63.6471,0.0008,193.1137,0.3222
2,730.59,171.99,0.0002,0.059,0.0853,13.7,0.6263,0.1761,0.6358,1.1385,0.0812,0.9641,13.8991,0.0246,18.4013,6.3989,566.7022,311.5385,0,16.9009,4.5,103868,0.3976,192.08,94.7313,0.0066,200.4546,0.1893
2,707.805,211.68,0.0003,0.0143,0.0361,13.9,0.3284,0.0418,0.5014,1.4759,0.1512,0.9404,20.9602,0.0593,19.8556,61.687,1333.2539,216,7500,17.4258,6.24,128976,0.3356,221.8202,143.6391,0.0266,207.1188,0.1678
2,669.585,154.35,0.0002,0.091,0.1148,16.1,0.6774,0.2331,0.4641,1.4793,0.1251,0.9411,12.4988,0.0239,16.3018,99.6366,317.5977,105,3600,16.6434,4.35,99850,0.2688,211.675,129.121,0.0098,184.1475,0.3295
2,646.8,202.86,0,0.0135,0.026,11.1,0.4889,0.048,0.5209,1.3802,0.1033,0.954,18.8028,0.0031,20.6206,63.0535,800.5016,109.0909,6666.6667,17.1966,5.2727,120374,0.3401,186.3889,92.7755,0.005,214.2736,0.2185
2,654.15,159.495,0.0002,0.0492,0.0706,17.2,0.7025,0.1832,0.5243,1.3471,0.1022,0.953,14.074,0.026,17.691,136.7208,265.7831,42.8571,3214.2857,16.6636,4.4286,102520.5,0.3462,201.625,118.3223,0.0044,211.5041,0.1467
2,685.02,201.39,0.001,0.1985,0.2234,12,0.7344,0.4615,0.4145,1.6294,0.1725,0.925,15.0994,0.1562,17.4074,44.316,201.0758,100,1071.4286,15.6047,5.2,115348.5,0.2802,199.2917,114.8958,0.0114,192.8554,0.367
2,698.25,213.15,0.0004,0.0896,0.1032,16.3,0.7664,0.2799,0.4232,1.5779,0.134,0.9375,17.2564,0.0716,24.5561,7.6689,188.9869,353.5714,1304.3478,16.2504,4.6071,123025,0.4558,195,105.8824,0.0027,198.5382,0.1755
2,593.88,178.605,0.0014,0.1445,0.1711,14,0.808,0.4136,0.5503,1.3416,0.1284,0.9438,12.5738,0.2341,23.33,111.7729,484.1874,182.6087,3600,15.7032,4.4348,106204.5,0.2049,194,95.6078,0.0079,167.0791,0.4154
2,676.2,191.1,0.0001,0.0294,0.0437,12.7,0.6622,0.1029,0.3877,1.626,0.1332,0.9382,18.1384,0.0089,25.2752,40.485,764.2154,348,3000,17.1122,4.68,120424,0.3066,197.8113,139.786,0.0197,185.3318,0.2754
2,696.78,183.015,0.0003,0.0073,0.0266,14.7,0.4782,0.0364,0.5327,1.3808,0.1084,0.9522,17.724,0.0603,21.8278,101.2051,1050.2999,182.6087,5217.3913,17.3847,5.2174,126346,0.2653,202.2895,116.7376,0.013,207.7135,0.2353
2,610.785,154.35,0.0002,0.171,0.1944,19.2,0.7381,0.4259,0.3628,1.6465,0.1564,0.9293,13.0659,0.0262,21.7184,141.8358,938.9579,183.3333,1363.6364,15.7739,3.8333,105586,0.3218,210.25,132.2529,0.0083,213.0983,0.1714
2,662.97,164.64,0.0001,0.0934,0.1164,16.7,0.8081,0.256,0.4963,1.4226,0.1222,0.9447,12.5304,0.0151,12.4068,159.2102,1204.2123,120,8571.4286,16.2641,6,96654.5,0.329,198.8889,112.952,0.0066,187.7369,0.1463
2,686.49,201.39,0.0001,0.2721,0.2981,10.9,0.6747,0.5188,0.3575,1.6675,0.1594,0.9263,14.4144,0.0189,20.0319,55.3647,698.4071,150,2068.9655,15.3476,5.6538,118739,0.3054,206,118.7179,0.0015,196.2093,0.3126
2,565.95,154.35,0,0.1889,0.2104,11.5,0.7743,0.4161,0.368,1.5595,0.1379,0.9364,12.087,0.0071,15.2693,165.6567,1072.119,85.7143,0,15.6586,5.7143,88444,0.3202,217.2857,112.45,0.0029,195.9663,0.2322
2,691.635,189.63,0,0.1274,0.1452,18.2,0.7414,0.3527,0.389,1.6965,0.1474,0.9294,17.1486,0.0087,19.4172,141.3502,161.1771,40.9091,5000,16.1799,4.2273,141266.5,0.2818,213.6329,114.1429,0.0169,207.2836,0.313
2,605.64,172.725,0.0003,0.0559,0.0799,14.2,0.6942,0.1661,0.6254,1.1603,0.0904,0.9596,12.6351,0.038,17.3799,92.194,1516.2081,84,8275.8621,16.7187,6.6,94633.5,0.362,207.8889,120.2931,0.0028,208.1902,0.2752
2,543.9,166.11,0.0001,0.031,0.0467,15.8,0.6458,0.1222,0.5163,1.4066,0.1686,0.9303,13.4288,0.0092,25.7167,112.7231,204.1621,200,3750,16.9198,4.5,95511.5,0.442,179.0625,112.6613,0.0079,210.3201,0.184
2,552.72,177.135,0,0.0446,0.0568,11.9,0.4879,0.086,0.5068,1.4082,0.1386,0.9348,15.3411,0.0036,26.0148,88.1438,33.4712,222.2222,1935.4839,17.3075,4.6667,103883,0.3816,213.0556,103.2054,0.005,213.5072,0.2918
2,558.6,147,0.0005,0.0956,0.1206,11.9,0.8344,0.3197,0.5993,1.1636,0.0911,0.9587,10.1275,0.0644,18.4989,3.2732,785.0702,290,2307.6923,16.0752,6.3,76026.5,0.235,207.1489,115.1769,0.0146,194.7017,0.2518
2,659.295,228.585,0.0001,0.0417,0.0596,16,0.6455,0.1148,0.5594,1.3554,0.1119,0.9509,18.7274,0.0228,24.1027,111.4292,589.1642,126.9231,5357.1429,16.846,5.4231,129345,0.3829,215.0244,124.4677,0.0085,216.0578,0.2636
2,726.18,163.17,0.0011,0.235,0.264,11.2,0.705,0.4857,0.3899,1.637,0.1429,0.9331,14.2136,0.1721,19.5266,104.37,300.4874,130.4348,1500,15.7171,3.913,117337.5,0.2,219.3,105.9828,0.0048,191.409,0.2781
2,663.705,172.725,0,0.0314,0.0522,16.4,0.6084,0.0919,0.4251,1.5374,0.1646,0.9285,15.53,0.0015,20.2855,7.0161,210.5188,351.7241,0,17.0185,4.9655,98306,0.1902,195.4667,115.8736,0.0048,185.0505,0.3243
2,588,185.955,0.0001,0.0352,0.0614,20.9,0.7843,0.1115,0.5639,1.2475,0.0995,0.9567,13.1726,0.0136,19.0127,121.7985,1136.1288,50,6250,16.6697,6.25,99126.5,0.2202,190.25,86.7895,0.0016,179.692,0.2135
2,607.845,182.28,0.0013,0.1345,0.159,12.2,0.7414,0.3333,0.4022,1.6192,0.1457,0.9339,13.529,0.2353,24.0049,169.7208,994.1771,40.9091,1200,16.3318,4.7727,116349,0.2634,210,113.1214,0.0078,186.4146,0.2998
2,673.995,136.71,0.0003,0.0587,0.0781,14.7,0.6643,0.206,0.4827,1.3988,0.1337,0.9372,12.5651,0.0371,14.8698,63.2947,446.9144,143.4783,4285.7143,16.7103,4.3043,84855,0.3115,209.5263,125,0.0043,200.2052,0.3086
2,574.77,243.285,0,0.0851,0.1015,17.7,0.8159,0.2126,0.423,1.667,0.1693,0.925,18.6475,0.0035,35.318,63.1371,908.8455,537.5,4137.931,16.2687,7.625,134938.5,0.2887,199.4444,99.5042,0.0172,204.8945,0.1171
2,660.03,205.065,0.0002,0.2034,0.2335,13.8,0.7342,0.4946,0.4084,1.6194,0.1625,0.9268,13.3102,0.0318,22.2861,53.4622,1263.9263,217.2414,4285.7143,15.6727,5.4828,113860.5,0.4082,171.2273,85.8673,0.0056,204.9852,0.2425
2,638.715,152.145,0.0008,0.1849,0.202,16.2,0.7544,0.3971,0.3837,1.5856,0.1451,0.9316,12.5365,0.1096,20.7419,85.7924,335.0344,252.6316,0,15.9982,4.4211,97058,0.3243,201.6667,142.8299,0.0056,192.7647,0.3753
2,658.56,180.81,0.0001,0.2024,0.2391,12.3,0.7514,0.5009,0.3832,1.5981,0.1505,0.9299,12.7438,0.0076,21.4363,10.1749,542.3587,369.2308,4090.9091,15.6911,4.3846,102586,0.3297,233.5484,139.0252,0.0141,183.3706,0.2463
2,660.03,202.86,0.0002,0.044,0.0671,13.9,0.6259,0.1394,0.5433,1.3508,0.1091,0.9504,14.2497,0.0242,22.792,60.6241,1194.8259,253.8462,7200,16.8261,5.0769,108477,0.3073,195.4444,106.3487,0.0062,206.3702,0.2176
2,696.045,169.05,0.0001,0.0195,0.0405,11.4,0.4368,0.0734,0.5324,1.3395,0.0999,0.9538,16.6,0.023,20.4562,39.7582,43.8754,357.1429,1500,17.2832,4.7143,111701,0.3179,216.5882,151.8214,0.0069,204.2045,0.2231
2,531.405,218.295,0,0.3829,0.3979,20.9,0.609,0.6928,0.438,1.5767,0.1468,0.9312,12.2097,0.0038,34.0892,36.7905,305.7649,435.4839,1153.8462,14.9311,5.9032,119404.5,0.2994,185.75,81.48,0.0018,193.2942,0.3502
2,535.08,171.255,0,0.1607,0.1878,17.4,0.6635,0.2662,0.6099,1.2565,0.1095,0.9518,12.4172,0.0075,27.9842,105.5464,188.5561,192,2500,15.972,4.32,105872.5,0.2595,202.1071,108.8931,0.0069,178.9277,0.3356
2,532.875,169.05,0.0002,0.065,0.0901,13.9,0.8289,0.2536,0.5627,1.269,0.1063,0.9522,12.3129,0.03,20.4869,138.8418,78.9171,22.2222,4090.9091,16.3013,4.4444,86184.5,0.3457,208.625,113.45,0.0076,210.5158,0.1358
2,730.59,159.495,0.0004,0.047,0.0793,14.7,0.7863,0.1932,0.606,1.2156,0.1213,0.9498,12.409,0.0493,16.4986,76.8861,254.232,143.4783,3461.5385,16.5466,4.5652,102538.5,0.3,217.575,109.834,0.016,193.9353,0.2783
2,492.45,188.16,0,0.0555,0.0748,15.5,0.8227,0.1879,0.3848,1.6001,0.1509,0.9292,14.609,0.0102,29.6914,104.2408,42.9656,196.5517,2142.8571,16.3293,5.2759,104397.5,0.3239,193.1818,102.8843,0.0062,210.5038,0.3036
2,660.03,136.71,0,0.0559,0.0771,15.5,0.7062,0.1864,0.5392,1.2759,0.1001,0.954,13.6438,0.0061,16.1752,76.395,1124.6135,62.069,5172.4138,16.4147,3.931,88929,0.2993,219.7778,115.7963,0.0052,192.3726,0.296
2,665.175,177.87,0.0003,0.385,0.3954,18.9,0.5936,0.7022,0.3202,1.6791,0.1305,0.9391,16.1786,0.0436,20.4411,33.1427,222.4775,248.2759,2727.2727,15.3359,5.5862,110128.5,0.2056,204.25,99.1243,0.0253,178.6842,0.3759
2,731.325,151.41,0.0003,0.1889,0.241,12.3,0.7055,0.4276,0.4183,1.5508,0.1529,0.9275,10.9027,0.0301,13.7051,50.3744,1095.3705,96,1250,16.3758,5.28,95512.5,0.2789,212.3704,115.0657,0.0105,197.4305,0.2179
2,621.81,151.41,0,0.0171,0.0379,20.9,0.5501,0.0889,0.4153,1.5392,0.1314,0.9376,15.8445,0.0032,21.8337,69.8494,235.519,363.1579,1666.6667,17.5334,4.5789,100200.5,0.3011,211.3333,109.6667,0.0016,202.4525,0.2814
2,592.41,166.845,0,0.0266,0.0503,14.9,0.5782,0.0987,0.5508,1.284,0.1146,0.9473,13.9273,0.0051,23.2394,34.0682,34.7962,220.5882,1034.4828,17.0752,4.5,90700,0.3987,213.7451,117.5113,0.0128,210.4205,0.2393
2,671.79,153.615,0,0.0267,0.0581,14.3,0.597,0.1179,0.5579,1.269,0.096,0.9546,10.7969,0.0045,12.3493,86.3845,411.0409,32.1429,4615.3846,17.0712,3.9643,88509.5,0.3072,193.9286,105.7867,0.0044,183.9923,0.3649
2,718.83,169.785,0.0003,0.4095,0.4335,11.9,0.6055,0.735,0.3838,1.5774,0.1427,0.9326,13.321,0.0431,17.1936,35.4518,960.0391,175.8621,4615.3846,14.8118,4.4483,108710,0.3007,199.7778,107.2031,0.0046,186.1859,0.2318
2,685.02,187.425,0.0001,0.0654,0.0796,24.5,0.7996,0.2424,0.4181,1.5899,0.1389,0.9336,16.8595,0.0102,18.7181,143.1212,165.4214,27.2727,2000,16.3671,5.1818,123754,0.2762,178.6,100.4211,0.0015,186.2637,0.2123
2,570.36,174.93,0,0.0888,0.1077,14.7,0.7422,0.1922,0.4865,1.461,0.1492,0.9314,15.1181,0.0053,22.9972,53.6309,469.3353,177.7778,2903.2258,16.6173,4.4444,103331,0.2722,225.4,117.9,0.0029,186.6938,0.3424
2,621.075,181.545,0.0005,0.4241,0.4614,20.3,0.5273,0.6335,0.3753,1.6009,0.1457,0.9325,12.0556,0.0773,20.5419,95.585,327.7888,115.3846,2608.6957,15.645,5.5385,105440.5,0.3419,182.8,90.9615,0.0015,187.2228,0.2227
2,601.23,155.085,0.0001,0.0381,0.0594,11.8,0.7263,0.1468,0.5387,1.2993,0.1116,0.9492,13.975,0.0183,22.3844,32.036,752.7808,323.0769,1000,16.8144,5.3077,87445,0.3103,220.2,114.8125,0.0021,178.7188,0.3529
2,599.025,173.46,0.0001,0.1504,0.1763,12.7,0.7378,0.388,0.63,1.1331,0.0899,0.9588,11.5121,0.01,21.4747,47.4238,356.853,190.9091,4615.3846,16.329,5,94626.5,0.3352,218.5,144.5686,0.0019,213.2763,0.2886
2,674.73,206.535,0.0003,0.147,0.1699,9.8,0.8447,0.4015,0.3643,1.6259,0.1557,0.9321,14.7642,0.0504,21.034,4.4299,2019.6717,318.1818,8888.8889,15.6693,5.9091,106139,0.2624,225.7353,106.006,0.0113,190.2811,0.2238
2,773.955,168.315,0,0.0331,0.0644,12,0.6101,0.1179,0.4953,1.45,0.1531,0.9351,15.401,0.0026,14.7239,5.4994,862.0499,276.9231,3214.2857,16.8863,4.8462,104944.5,0.2717,214.2857,129.2389,0.0049,203.9011,0.2597
2,588.735,182.28,0.0001,0.0591,0.0891,17.6,0.722,0.1688,0.5582,1.3286,0.1176,0.9462,11.1207,0.0238,23.5486,65,628.864,144.8276,2222.2222,16.6108,5.1724,99370,0.3558,193.3191,86.6056,0.0103,192.8888,0.2658
2,726.18,177.87,0.0001,0.0955,0.1191,13.1,0.7682,0.2549,0.6431,1.1034,0.075,0.9653,11.0964,0.0138,12.5425,120.3427,964.356,80.7692,5357.1429,16.4642,4.9615,107417,0.3706,204.3333,76.75,0.0011,208.8275,0.2164
2,723.24,185.22,0.0001,0.2089,0.2295,15.8,0.7466,0.4344,0.4711,1.4789,0.1193,0.9436,13.3143,0.0166,17.6687,8.1327,318.9747,272.7273,1428.5714,16.0413,5.2727,106077,0.3352,209.5652,126.3043,0.0109,203.1853,0.1753
2,684.285,165.375,0.0005,0.1433,0.1713,18.8,0.8554,0.4949,0.3706,1.6365,0.1545,0.9291,13.0906,0.0701,16.4853,88.4572,197.5952,100,1071.4286,15.4613,5,99662,0.349,205.2222,108.0563,0.0105,184.4004,0.2453
2,617.4,149.205,0.0001,0.4061,0.4266,16.1,0.5938,0.6935,0.4509,1.4704,0.1351,0.9356,11.3795,0.013,21.184,33.0985,1538.6417,368.1818,5217.3913,15.2044,4.7727,91379.5,0.3289,195.5683,191.5333,0.0628,182.0904,0.4062
2,649.005,203.595,0.0001,0.1126,0.1355,9.3,0.8311,0.3221,0.4069,1.6407,0.1615,0.9296,14.1469,0.0169,19.8441,75.417,185.4711,0,3214.2857,15.8616,5.6571,125630,0.2,203.3793,113.5637,0.0131,196.8697,0.2955
2,662.235,175.665,0.0001,0.0278,0.0507,11.1,0.6581,0.0775,0.4471,1.5297,0.1253,0.9429,17.4407,0.0227,19.7793,69.795,210.2641,144.8276,2647.0588,16.9022,4.7586,113711.5,0.3333,201.1111,117.5926,0.0036,200.4318,0.3133
2,604.17,160.23,0.0003,0.1535,0.1828,13.3,0.74,0.4102,0.4926,1.3901,0.1279,0.9401,8.9698,0.0381,17.4403,100.3537,40.4664,57.6923,2000,15.7497,5.6538,92249,0.3293,214,136.3346,0.0119,196.6611,0.2692
2,610.05,163.17,0.0004,0.3058,0.3362,11.9,0.685,0.656,0.3616,1.5739,0.1514,0.9302,10.5581,0.0492,18.1478,85.3715,316.4866,128.5714,1153.8462,15.0393,3.2857,90600.5,0.315,198.6667,97.9565,0.0017,184.1823,0.1479
2,666.645,198.45,0,0.0401,0.065,15.2,0.5244,0.0824,0.5766,1.277,0.0976,0.9563,14.8235,0.0075,17.56,57.043,416.952,110,6000,17.4874,5.1,113726,0.3392,209.6271,112.4069,0.0128,209.0486,0.3601
2,586.53,244.755,0.0001,0.0841,0.1066,16.2,0.749,0.2362,0.4496,1.5879,0.1588,0.9315,16.2225,0.0222,25.7288,91.9583,2830.6471,10.7143,17368.4211,16.434,5.8929,124347,0.2644,189.1667,107.7193,0.0027,177.7975,0.3482
2,552.72,147.735,0,0.1671,0.1955,20.1,0.7691,0.3727,0.389,1.4984,0.1791,0.9295,9.2296,0.0054,19.3446,44.6622,45.9569,245.4545,1034.4828,16.044,5.1818,71750.5,0.3141,215.8,111.163,0.0046,187.2587,0.2737
2,586.53,151.41,0.0001,0.4243,0.4492,13.6,0.5801,0.7155,0.3392,1.5892,0.1389,0.9342,9.9299,0.0085,16.5347,151.8028,2374.1208,45,2727.2727,14.9448,5.25,80118.5,0.3647,200.2632,128.0616,0.0058,180.1271,0.2445
2,591.675,175.665,0.0002,0.2454,0.2663,14.1,0.7414,0.6319,0.5515,1.2861,0.109,0.9528,11.0096,0.0287,23.9643,35.9001,154.8501,405,1428.5714,15.3405,4.65,99739,0.3256,199,137.5333,0.0014,188.3607,0.2959
2,536.55,163.905,0.0001,0.0285,0.0483,18.4,0.488,0.0831,0.5531,1.3221,0.1051,0.9517,13.4694,0.013,23.059,193.1754,641.4445,54.5455,0,17.3716,3.8182,97615,0.2941,235.3333,108.6774,0.0017,186.9313,0.2937
2,704.13,201.39,0,0.3567,0.3735,15.1,0.6477,0.6757,0.3785,1.6644,0.1536,0.9279,13.9625,0.0057,19.8217,37.542,111.3697,154.2857,2307.6923,15.0117,4.8,117923.5,0.2619,211.2,127.6339,0.0068,180.133,0.3966
2,610.785,142.59,0,0.1873,0.2069,17.3,0.7905,0.464,0.3869,1.5382,0.1422,0.9335,11.7929,0.0049,15.2079,107.3834,1178.3495,33.3333,7741.9355,15.7057,4.3333,84617.5,0.2835,211.9286,130.6475,0.0093,195.2874,0.1917
2,685.755,175.665,0.0001,0.1082,0.1284,13,0.6488,0.2645,0.3811,1.7198,0.1614,0.9296,17.3573,0.0146,20.6534,65.5796,240.4376,231.8182,1304.3478,16.7948,4.2273,127791.5,0.3542,203.1818,96.7518,0.0076,195.3888,0.3239
2,551.25,155.82,0,0.023,0.0382,10.3,0.4305,0.0749,0.6426,1.0957,0.0863,0.962,14.0146,0.0036,22.911,2.4597,754.966,475,2000,17.4984,6.5,86681,0.2892,222.6486,117.2206,0.0127,164.0285,0.4089
2,620.34,206.535,0,0.1546,0.1725,18.5,0.7553,0.3799,0.6085,1.2454,0.097,0.9562,13.6062,0.0032,24.8323,86.4641,164.3648,200,2608.6957,15.9053,4.6667,123616,0.2788,196.5909,125.4793,0.0091,196.5907,0.283
2,619.605,155.82,0,0.0768,0.0921,13.6,0.7662,0.2121,0.4519,1.4842,0.1272,0.9406,13.8301,0.0016,17.2223,143.685,100.497,26.087,3000,16.4907,3.6522,96665,0.3203,234,104.2459,0.0037,194.7425,0.3414
2,630.63,159.495,0,0.0295,0.0451,13.4,0.7267,0.1245,0.4686,1.474,0.1381,0.9342,15.1192,0.0016,19.5699,37.5209,1606.2032,286.3636,5769.2308,16.7114,5.0455,103352.5,0.3086,218.2857,160.4808,0.0021,198.119,0.2026
2,629.895,229.32,0,0.0769,0.1046,17.5,0.8033,0.2595,0.379,1.6701,0.1665,0.9246,15.3521,0.0016,23.2165,122.3987,21.544,41.3793,3103.4483,16.4345,5.3793,125318.5,0.2628,180.7778,114.4632,0.0094,195.7581,0.3235
2,621.81,177.87,0,0.1708,0.1861,25.7,0.7484,0.4368,0.5134,1.4178,0.129,0.9392,14.0181,177.7649,22.0158,114.3392,698.1258,150,0,15.9978,4.7727,110536,0.4333,191.9,118.1538,0.0032,204.5576,0.2486
2,634.305,172.725,0,0.1441,0.1575,22.5,0.7143,0.3876,0.443,1.5534,0.1265,0.9395,15.581,189.122,20.0998,144.5732,754.056,57.1429,4444.4444,16.7297,4.8571,119961,0.2727,211.8824,96.8302,0.0102,186.1176,0.265
2,657.09,179.34,0,0.0726,0.0919,21.5,0.8374,0.2654,0.4705,1.4711,0.1238,0.9422,14.1413,161.1111,21.6117,45.7211,53.4791,450,1363.6364,16.0006,5.8333,105864.5,0.3459,202.1176,121.5273,0.0045,199.7963,0.2832
2,653.415,171.99,0,0.1346,0.1611,20,0.8414,0.3414,0.4505,1.5115,0.1517,0.9288,12.6267,145.7619,18.657,76.6355,69.5958,156,1250,15.5995,4.92,95243,0.28,201,161.8933,0.0156,191.9175,0.3182
2,529.2,172.725,0,0.1258,0.1515,17.2,0.8086,0.346,0.4655,1.4324,0.132,0.9406,12.2317,174.503,24.2838,101.7662,574.9254,150,1111.1111,16.2303,4.0385,92347,0.2796,205.8571,116.4535,0.0038,205.0763,0.2124
2,612.255,158.76,0,0.1904,0.214,16.3,0.763,0.4471,0.3655,1.565,0.1464,0.9309,12.3048,140.1173,17.1608,73.7949,20.1826,137.5,1153.8462,16.1358,5.125,85787.5,0.3178,211.3125,195.6959,0.012,193.4063,0.2782
2,539.49,175.665,0,0.0787,0.1092,16.2,0.8578,0.2831,0.4794,1.4292,0.1353,0.9387,11.8872,167.1699,23.1245,115.138,269.6087,88.8889,2222.2222,15.9309,4.6667,90186.5,0.3873,194.6,107.5217,0.0047,196.5565,0.1207
2,580.65,166.845,0,0.0463,0.0641,15,0.8313,0.1427,0.4162,1.5466,0.1308,0.9397,15.9751,183.6562,23.3285,69.184,82.7671,174.1935,3157.8947,16.5002,4.0645,106640,0.3654,218.6032,112.9703,0.0147,185.8495,0.3108
2,529.2,184.485,0,0.1947,0.216,14.9,0.7697,0.4507,0.436,1.5351,0.1519,0.9296,12.3734,187.4102,28.2544,55.9095,1538.1646,310.7143,6000,15.6247,5.25,99177.5,0.2516,200.6957,106.7566,0.0108,201.3358,0.2574
2,596.82,195.51,0,0.0246,0.0418,14.1,0.6934,0.1038,0.4078,1.6079,0.1482,0.9302,18.7021,203.7717,27.384,97.3719,87.5906,390,2608.6957,16.882,5.7,121615,0.3371,221.5789,150.2457,0.0073,193.3925,0.2218
2,485.1,147,0,0.0383,0.0566,13.3,0.8168,0.1612,0.4714,1.3829,0.1219,0.9448,13.1556,158.0829,26.1738,56.6172,484.6107,362.5,0,16.5571,4.375,76686,0.5182,189.75,112.9167,0.0013,200.7558,0.2581
2,583.59,191.835,0,0.0584,0.0727,12.8,0.7011,0.1514,0.5501,1.3173,0.1075,0.9492,14.8777,179.2774,28.0746,21.3363,422.9397,544.4444,2727.2727,16.8025,6.5556,104624.5,0.2808,197.027,182.4656,0.0161,198.1225,0.2249
2,588.735,161.7,0,0.611,0.6297,12.8,0.4024,0.8017,0.3202,1.661,0.1457,0.9311,11.7729,161.2372,22.4212,95.0725,453.1833,370.5882,2000,14.2994,5.1176,94926,0.3636,198.125,107.181,0.0055,184.8043,0.2761
2,523.32,194.04,0,0.0839,0.0975,12.3,0.7148,0.2165,0.452,1.5487,0.1396,0.9373,14.3735,208.7126,29.2452,167.6458,777.543,104.3478,0,16.3932,4.1739,109223.5,0.3625,212.6923,102.5889,0.0037,184.7917,0.2817
2,573.3,149.205,0,0.0695,0.0835,12.2,0.865,0.2453,0.5752,1.1954,0.0952,0.9544,9.6203,134.3965,17.2506,81.3662,558.9747,92.3077,5217.3913,16.273,4.8462,77049.5,0.2866,192.0714,77.8041,0.0067,187.3257,0.3215
2,696.78,205.8,0,0.0427,0.0568,11.8,0.7017,0.1414,0.4033,1.597,0.1482,0.935,20.1541,180.6797,22.2364,58.695,608.7308,300,0,16.6908,5.3478,125894,0.2882,187.2857,89.5797,0.0033,175.275,0.2383
2,569.625,169.05,0,0.1401,0.1624,11.4,0.8238,0.4436,0.4319,1.5006,0.1487,0.9324,11.2629,157.8995,22.6792,81.3773,1134.4407,180,5217.3913,15.6982,4.2,89943.5,0.3626,216.7838,96.2642,0.0091,204.2179,0.2401
2,542.43,152.145,0,0.0378,0.0574,10.8,0.6659,0.1216,0.5343,1.3158,0.105,0.9508,13.8892,176.0826,24.6963,22.8223,549.2472,408,1200,16.8913,5.76,95512.5,0.2995,207.6222,133.1136,0.0128,197.3963,0.322
3,561.54,137.445,0.0002,0.0456,0.0884,11.6,0.6455,0.1369,0.4225,1.5158,0.1746,0.9258,9.1444,0.0249,11.2272,245.822,1009.0582,383.3333,0,16.942,3.8333,74993,0.2849,199.8824,152.4094,0.0066,199.9595,0.2914
3,493.185,137.445,0,0.0177,0.0442,13.7,0.4481,0.0609,0.6406,1.0712,0.1052,0.9587,8.5744,0.002,20.7887,21.6328,487.0488,261.2903,2000,17.2554,5.129,63801,0.4295,207.8667,122.6279,0.003,175.8328,0.3806
3,604.17,160.965,0.0008,0.0045,0.0289,11,0.0931,0.0113,0.6767,1.0021,0.0769,0.9655,12.0036,0.096,16.5745,80.0494,343.0721,62.069,4800,18.6341,4.5517,80618,0.3493,206.1667,136.8615,0.0032,188.4817,0.3335
3,607.845,147.735,0.0005,0.2817,0.3009,10.9,0.6582,0.565,0.4926,1.3163,0.1017,0.9506,9.0634,0.0576,15.17,34.5985,602.9752,171.4286,3214.2857,15.2246,4.9286,77541,0.3669,231.6818,117.9831,0.0102,194.0489,0.24
3,502.005,169.05,0,0.0457,0.0627,11.5,0.7374,0.163,0.3667,1.5231,0.1618,0.9286,12.6258,0.002,21.3302,177.4758,42.8441,0,4090.9091,16.6116,6.5714,80604.5,0.2421,207.8718,93.4737,0.0125,192.2856,0.2827
3,601.23,153.615,0,0.0138,0.0361,9,0.3137,0.04,0.6202,1.1605,0.1263,0.9535,11.1048,0.0033,18.0487,116.8131,97.5605,100,4500,17.8331,5,81261,0.2262,207.7143,118.8077,0.0043,180.7571,0.3209
3,677.67,108.045,0.0002,0.0106,0.0385,10.7,0.3233,0.0395,0.6683,1.0203,0.0832,0.9644,10.945,0.0236,12.8887,87.9566,813.8714,214.2857,1764.7059,16.7725,3.8571,71493,0.3563,212.5909,173.5265,0.01,194.545,0.2605
3,689.43,176.4,0.0013,0.0253,0.0475,9.7,0.5441,0.1027,0.5487,1.2811,0.092,0.9567,14.9541,0.1857,12.3961,115.1745,254.3506,93.1034,6000,17.1212,4.2414,100534,0.4406,175.3333,73.6923,0.001,180.8708,0.2897
3,637.98,146.265,0.0004,0.0347,0.0562,16.1,0.5841,0.0892,0.6027,1.2019,0.1105,0.9535,11.3809,0.058,18.3597,122.753,574.1515,90,0,16.9238,3.6,92020,0.3642,205.1429,104.6897,0.0115,202.8062,0.1937
3,593.145,174.93,0,0.0143,0.0305,9,0.4955,0.069,0.5862,1.265,0.11,0.9526,16.284,0.0034,23.5671,79.9363,517.359,207.6923,4736.8421,17.178,3.6923,106997.5,0.2469,187.4,111.8077,0.0016,181.2871,0.3432
3,480.69,143.325,0,0.0077,0.0251,8.2,0.1562,0.0183,0.6863,0.9731,0.0757,0.9655,10.773,0.0021,26.6313,3.7166,89.3984,439.2857,0,18.1676,5.25,69326,0.2147,199.8571,93.6667,0.0031,193.88,0.3613
3,453.495,186.69,0.0004,0.0163,0.0278,10,0.3957,0.0495,0.4351,1.4863,0.1647,0.9336,13.1554,0.0772,29.3103,7.9082,525.3973,427.2727,1034.4828,17.8957,5.1818,82903,0.2393,232.5,95.0556,0.001,205.8719,0.2435
3,502.005,149.205,0.0012,0.0136,0.037,11.5,0.3677,0.0381,0.5925,1.1699,0.1169,0.9469,10.9336,0.1574,21.5391,80.9422,87.1464,150,3214.2857,17.4118,5.1429,72877.5,0.4099,201.5455,116.3505,0.004,214.9439,0.1683
3,602.7,136.71,0.0001,0.0624,0.0816,9.6,0.5783,0.1701,0.4274,1.5073,0.1665,0.9262,11.5175,0.0116,15.8689,165.2371,314.3625,16.6667,1250,17.1986,3.8333,83255.5,0.3784,207.5,81.5364,0.0036,185.8451,0.2754
3,651.21,272.685,0.0002,0.0127,0.0216,10.3,0.1413,0.0209,0.5323,1.404,0.1059,0.955,28.2412,0.0614,34.7689,95.1107,624.1937,260,4615.3846,17.8646,4.6,180021.5,0.275,214.9143,92.9707,0.011,183.6463,0.3065
3,565.215,146.265,0.0011,0.1243,0.167,15.9,0.8337,0.3877,0.5885,1.1583,0.1025,0.9541,7.0143,0.1238,15.1524,140.4054,240.8381,28.5714,3461.5385,15.7574,4.5714,68649.5,0.2948,207.0556,116.3677,0.0073,186.3361,0.3219
3,534.345,181.545,0.0007,0.0378,0.057,16.2,0.5685,0.1329,0.3788,1.5531,0.1452,0.9307,11.877,0.1067,14.5897,150.3138,254.8484,186.2069,4615.3846,17.6022,4.7586,81574,0.2136,217.625,107.0431,0.0054,169.2478,0.3264
3,554.925,171.255,0.0001,0.0197,0.0376,9,0.5311,0.0626,0.6281,1.1351,0.0839,0.9618,15.3449,0.0144,23.4402,57.0879,800.1219,264,0,17.1442,4.56,96797,0.2655,209.8333,177.3134,0.0031,201.6078,0.1895
3,620.34,126.42,0.0011,0.0086,0.0458,11.7,0.4828,0.0472,0.5884,1.1528,0.1206,0.9512,9.6955,0.1112,14.8084,43.1379,454.9374,240,0,17.5451,5.1,64814,0.3097,207.1111,111.0187,0.0139,204.8419,0.2157
3,616.665,148.47,0.0001,0.2567,0.2886,11.4,0.7086,0.593,0.4223,1.4548,0.1243,0.9394,10.1603,0.0178,14.3651,158.9533,909.4269,122.7273,6315.7895,15.4173,3.4091,82535,0.2,221.3636,105.7009,0.0063,183.4444,0.3467
3,696.045,171.99,0.0005,0.0315,0.0465,9.5,0.673,0.1083,0.5323,1.3478,0.0957,0.9551,16.9881,0.0848,20.3668,74.8939,127.1324,208.6957,1200,16.8938,3.6522,113473.5,0.2876,204.8,85.8961,0.0068,172.9896,0.312
3,522.585,140.385,0.0005,0.0323,0.0559,11.3,0.7627,0.1289,0.3838,1.5146,0.1747,0.928,9.955,0.0631,19.2091,29.4281,269.8146,203.2258,2500,16.7898,4.7419,64391.5,0.267,185.6,101.0843,0.0035,179.8688,0.2322
3,532.14,158.025,0,0.0313,0.0614,12.4,0.6856,0.1352,0.3474,1.5634,0.1294,0.9383,11.5973,0.0019,24.9283,62.9449,1166.1604,400,6000,17.0514,5.4286,77387.5,0.3111,211.92,119.8343,0.0072,196.674,0.2045
3,564.48,147,0.0004,0.0362,0.0604,8.8,0.6662,0.1259,0.4982,1.3766,0.1491,0.9396,11.1965,0.0514,15.931,166.3557,502.2659,117.3913,2608.6957,16.9759,4.3043,75097.5,0.2634,185,86.3333,0.0008,200.5677,0.157
3,624.75,119.07,0.0022,0.1809,0.2367,13.8,0.7193,0.4303,0.3442,1.5488,0.1293,0.9397,9.2506,0.2289,8.9047,184.5781,105.4584,229.4118,2857.1429,15.9149,3.7059,69748,0.3006,220.2353,80.2045,0.0063,199.645,0.2369
3,676.935,166.845,0.0005,0.0116,0.0348,9.3,0.2582,0.0285,0.5789,1.2281,0.1009,0.9555,17.8497,0.0709,19.2906,39.1233,1140.3443,225,5000,17.8809,4.6071,103540,0.4148,203.6774,106.1582,0.0082,176.2397,0.3503
3,612.255,166.845,0.0012,0.1778,0.2148,16,0.6091,0.258,0.5652,1.3584,0.1477,0.9423,10.5938,0.1862,17.5139,160.2382,1936.3581,87.5,3461.5385,16.102,8.125,103350.5,0.2767,214,91.6296,0.0042,206.9058,0.2197
3,549.78,148.47,0.0006,0.0138,0.0425,9.9,0.7039,0.0736,0.5654,1.1979,0.0963,0.9571,10.2952,0.08,14.7094,153.8187,331.0774,104.3478,2500,17.2725,4.1739,74595,0.2914,222.2174,100.1404,0.0113,182.3115,0.2488
3,590.94,135.24,0.0003,0.0235,0.0389,6.3,0.5796,0.0815,0.5982,1.1626,0.0891,0.9581,11.675,0.0406,16.6188,20.0606,176.9281,217.2414,1250,17.0617,4.4483,77753.5,0.2466,213,90.9245,0.0051,175.2174,0.4224
3,693.84,150.675,0.001,0.0248,0.0569,10.4,0.3751,0.0517,0.5335,1.3047,0.1063,0.9516,13.0283,0.1153,15.7279,58.6895,583.5335,144,5217.3913,17.7386,4.8,84285.5,0.331,204,116.2121,0.0017,174.9466,0.2942
3,556.395,163.17,0.0007,0.0037,0.027,13.4,0.4446,0.0303,0.4684,1.4268,0.1607,0.9335,14.0512,0.1024,24.4656,2.1709,399.5976,508.6957,3000,17.4937,5.6087,84014,0.2797,176,73.2,0.0017,171.5676,0.3351
3,554.19,144.795,0.0006,0.0329,0.0608,9,0.5654,0.1151,0.4376,1.4616,0.1423,0.9324,12.3542,0.0884,19.141,154.266,350.2317,13.6364,1363.6364,17.3652,3.4091,86835.5,0.28,172.6667,56.8125,0.0009,180.4813,0.2372
3,631.365,180.81,0.0005,0.028,0.043,11.7,0.577,0.0807,0.5635,1.2591,0.1149,0.9459,15.5262,0.0713,21.0755,64.4546,237.4854,165.5172,1034.4828,16.9125,4.5517,94643,0.3617,225.6875,114.1456,0.0083,194.0909,0.298
3,591.675,171.99,0.0003,0.0119,0.0402,10.4,0.5118,0.0399,0.5634,1.2499,0.117,0.945,11.7607,0.0389,17.6007,78.7771,15.6526,75,2400,17.3578,5.0357,87457,0.3688,218.1538,97.8611,0.0033,190.8945,0.2336
3,518.91,120.54,0,0.0562,0.0804,12.2,0.7414,0.1171,0.47,1.3868,0.1409,0.9345,9.8295,0.0058,16.4147,244.1011,889.7849,180,0,16.7019,3.8,75400,0.3008,205.6538,113.8315,0.0146,173.2787,0.3432
3,511.56,153.615,0.0008,0.0126,0.0389,6.5,0.609,0.0594,0.6366,1.0684,0.0913,0.959,10.1248,0.1153,20.0575,102.0381,720.4967,130.4348,0,17.2123,6.7826,73602.5,0.2261,221.12,144.75,0.0088,198.1327,0.2804
3,585.795,152.88,0.0001,0.1845,0.2022,7.8,0.7797,0.487,0.3639,1.5947,0.1655,0.9233,13.2648,0.0222,22.6561,118.886,284.6232,317.6471,3000,15.5372,4.2353,93189,0.3942,224.7143,124.9322,0.0028,192.5675,0.3818
3,493.185,141.12,0.0001,0.0453,0.0666,10.7,0.5422,0.1018,0.6301,1.0788,0.0857,0.9597,8.9742,0.0081,20.0795,127.2396,148.2429,50,3214.2857,17.143,4.5,65916.5,0.2921,211.3636,98.1231,0.0037,176.1227,0.475
3,611.52,158.76,0,0.1926,0.2142,9.9,0.7117,0.4366,0.4507,1.4892,0.1517,0.9317,11.4399,0.0049,21.6954,61.1749,254.0675,180,2400,15.7758,5,91706.5,0.2073,201,104.5714,0.0018,188.3397,0.3647
3,546.105,128.625,0.0006,0.0224,0.0552,6.7,0.5513,0.0752,0.4911,1.3582,0.1309,0.9383,10.6506,0.0769,16.1323,91.8473,622.6992,91.3043,4736.8421,17.2999,4.3043,68865,0.3208,218.32,97.5911,0.0111,193.3893,0.2455
3,741.615,144.795,0.0002,0.0564,0.0893,16.1,0.689,0.1665,0.616,1.1565,0.091,0.9583,11.3477,0.0243,14.5712,16.4806,780.3282,219.2308,3333.3333,16.7482,4.9615,85415,0.3355,198.2857,86.7065,0.0049,190.789,0.2815
3,604.905,187.425,0.0001,0.026,0.0434,9.9,0.6168,0.0821,0.6157,1.157,0.0881,0.9602,12.1836,0.0149,23.2279,57.3679,874.615,262.5,6521.7391,17.1368,5.625,102197.5,0.3795,211.7647,99.6338,0.0054,184.9624,0.2259
3,696.045,163.905,0.0009,0.3953,0.433,14.1,0.5704,0.6195,0.3251,1.667,0.1384,0.9357,11.3679,0.1164,14.2358,52.3736,2398.8387,69.2308,12500,14.9536,4.8462,99326,0.2793,203.1333,93.9008,0.0087,198.5261,0.2803
3,650.475,165.375,0.0002,0.0106,0.0354,13.2,0.3961,0.035,0.4658,1.4514,0.122,0.943,14.8295,0.0292,16.5742,91.7957,540.5168,69.2308,5217.3913,17.6259,4.1538,95714.5,0.3377,212.5,109.4884,0.0021,181.9041,0.2749
3,553.455,132.3,0,0.0122,0.0416,7.2,0.2957,0.0438,0.5631,1.2534,0.1499,0.9429,9.2792,0.0036,12.6314,173.7724,878.5122,142.1053,7142.8571,17.6631,5.5263,65725.5,0.3667,193.8387,86.8008,0.0125,176.359,0.3053
3,782.775,192.57,0.0001,0.085,0.1172,8.7,0.6059,0.1995,0.2932,1.7805,0.1582,0.9258,18.9577,0.0166,14.6171,78.553,92.804,87.5,2608.6957,16.8889,5.375,121720.5,0.3125,215.8571,82.6774,0.0047,184.0474,0.281
3,562.275,196.245,0,0.0179,0.0344,13.3,0.5809,0.0826,0.5337,1.3511,0.1103,0.9492,14.3642,0.0053,23.0898,130.5641,12.1185,10,4285.7143,17.1327,3.9,105269,0.2994,212.3214,104.9655,0.007,187.466,0.2204
3,620.34,131.565,0.0001,0.0625,0.0918,7.3,0.7299,0.2062,0.5013,1.4022,0.1258,0.9394,10.6149,0.0177,17.2506,92.8168,344.0581,122.7273,2142.8571,16.5477,4.5,85242.5,0.2484,185.1,82.1429,0.0036,167.3375,0.3529
3,636.51,148.47,0.0002,0.0293,0.0564,14,0.4778,0.0731,0.5221,1.3609,0.1396,0.9398,12.594,0.0267,17.544,91.3762,120.3271,100,1200,17.2297,3.75,91492.5,0.1875,208.3846,91.3895,0.0064,167.6555,0.4125
3,596.82,216.825,0.0001,0.0397,0.0508,13.7,0.8651,0.1521,0.5472,1.3466,0.1115,0.9532,18.6924,0.0302,30.5949,123.8697,470.2921,433.3333,4000,16.2608,5.6667,132728.5,0.2647,216.6522,188.8603,0.0215,187.0163,0.2949
3,639.45,227.115,0.0005,0.0851,0.1062,8.3,0.8019,0.199,0.3352,1.8309,0.1834,0.9183,20.6561,0.1063,29.8946,157.0676,232.6738,137.5,2727.2727,16.3373,4.625,156526.5,0.2885,201.2,85.1481,0.0033,179.4236,0.377
3,643.125,152.88,0.0012,0.2179,0.2488,10.1,0.6991,0.4169,0.3801,1.5653,0.1346,0.9377,12.6982,0.157,14.3568,72.4043,72.8878,21.4286,2068.9655,15.9772,4.9286,93806,0.3506,220.9,90.0137,0.0043,204.8054,0.2517
3,493.92,155.085,0.0001,0.31,0.3471,9.2,0.6535,0.6002,0.3463,1.5128,0.1261,0.9405,9.6162,0.0162,18.8764,73.6618,652.1197,25,1363.6364,15.3673,3.75,66682,0.2759,206,96.8679,0.0019,180.5401,0.2545
3,564.48,124.215,0.0002,0.0836,0.132,7.1,0.8058,0.2526,0.3596,1.4965,0.1563,0.9291,8.538,0.023,13.5305,98.0287,508.3924,75,6923.0769,16.6698,4.65,64892.5,0.2778,210.4118,97.9936,0.0069,209.6849,0.2417
3,499.8,165.375,0.0001,0.2339,0.2561,14.4,0.7408,0.4542,0.3296,1.6686,0.208,0.92,12.2558,0.018,23.2133,74.1731,97.216,188.8889,3461.5385,15.9135,4.3333,90241,0.2839,216.4286,124.5745,0.0096,171.3188,0.369
3,532.14,137.445,0.0004,0.1701,0.2107,9.1,0.7853,0.4293,0.3497,1.4864,0.1355,0.9374,9.1979,0.0395,14.3226,66.8659,476.8065,48.3871,3600,15.6926,6.6774,62910.5,0.2184,196.8387,94.5617,0.0104,169.4216,0.2988
3,543.165,180.075,0,0.0737,0.0918,16,0.7456,0.2352,0.4433,1.5075,0.1442,0.9316,12.9728,0.0055,26.6303,131.0438,378.2547,144,6000,16.456,4.08,97720.5,0.2921,204.7778,126.5169,0.004,201.8543,0.2042
3,651.21,214.62,0.0001,0.189,0.2101,9.3,0.7984,0.5198,0.3113,1.7648,0.1527,0.93,17.515,0.0215,25.4394,58.6234,166.659,278.5714,1071.4286,15.5708,5.3571,129478.5,0.3478,222.1,135.3804,0.0073,197.644,0.2358
3,574.035,171.255,0,0.115,0.1373,8.6,0.7428,0.3104,0.3988,1.5829,0.1505,0.9278,12.98,0.007,25.6587,38.2037,992.9108,332.1429,4285.7143,16.5496,4.8214,103228,0.4321,221.2941,92.2464,0.0057,189.5096,0.3521
3,681.345,171.99,0,0.204,0.2369,10.9,0.7666,0.4616,0.3153,1.7127,0.1609,0.9289,14.0679,0.0029,15.2704,143.1321,1327.138,15.7895,12000,15.6922,6.1579,107301,0.2342,234,102.875,0.001,176.8522,0.3923
3,666.645,121.275,0.0001,0.1251,0.1718,8.3,0.7851,0.296,0.5197,1.3443,0.1292,0.9397,8.1722,0.015,15.7981,87.9039,375.7337,225,0,16.0894,3.375,76970.5,0.3391,229,168.0625,0.0005,192.7961,0.3323
3,518.175,177.87,0.0001,0.0422,0.0552,13.4,0.626,0.1038,0.5343,1.3642,0.1213,0.9433,15.9557,0.0154,29.8755,62.13,1175.9601,430.4348,4800,16.8947,5.087,107410.5,0.2536,210,90.2484,0.0112,167.9865,0.2874
3,665.175,148.47,0,0.2073,0.2327,5.7,0.766,0.4926,0.4007,1.5234,0.1378,0.9352,10.9915,0.0015,17.4145,96.8024,417.769,72,2000,15.4286,5.04,89739,0.2254,219,101.4,0.001,174.2341,0.3258
3,710.745,194.04,0.0004,0.5255,0.5606,11.4,0.4503,0.7481,0.3621,1.6943,0.1677,0.9216,13.9479,0.0633,17.5076,88.0906,354.5425,66.6667,1153.8462,14.4427,4.6667,126927.5,0.3353,205.9697,94.0551,0.009,172.359,0.2052
3,591.675,161.7,0,0.0416,0.0653,11.5,0.4867,0.0725,0.3788,1.6325,0.1584,0.9319,15.6742,0.0017,18.4823,177.6612,293.1795,135,3157.8947,17.3001,3.45,106118,0.3333,185.5,70.3214,0.0028,166.9618,0.3386
3,514.5,142.59,0,0.0338,0.0565,8.5,0.7473,0.103,0.4578,1.3798,0.1311,0.9368,9.7284,0.0019,15.0945,136.4083,633.0378,120,1363.6364,16.5905,4.32,68503,0.384,214,100.2308,0.0018,183.8973,0.2344
3,635.775,158.025,0.0001,0.1686,0.1966,12.8,0.7724,0.3854,0.3325,1.6686,0.1608,0.9238,12.8899,0.0079,17.7853,93.7079,1062.239,87.5,1250,15.8296,4.125,98817.5,0.321,191.6,126.65,0.0019,186.0942,0.2787
3,571.095,182.28,0,0.0532,0.0693,11.7,0.3527,0.0684,0.63,1.1487,0.0899,0.9599,11.9854,0.0035,24.8003,33.8281,87.1518,310.3448,2400,17.3378,5.7931,88939,0.3274,230.5385,84.5752,0.0052,190.9806,0.2711
3,592.41,117.6,0,0.0413,0.0703,7.2,0.5755,0.1206,0.6002,1.1934,0.0985,0.9554,9.0052,0.0017,16.6295,120.0709,1086.6634,27.2727,1200,17.0448,3.5455,82790.5,0.3154,202.3,92.9277,0.008,189.085,0.2462
3,559.335,177.135,0,0.0034,0.0273,8,0.1144,0.0147,0.6415,1.0795,0.0829,0.962,12.9289,0.0036,21.0029,58.7506,1156.8907,216,5555.5556,18.518,6,80078.5,0.3268,216.16,143.2294,0.0115,198.4091,0.322
3,478.485,149.205,0.0001,0.0102,0.0282,10.1,0.1506,0.0246,0.6958,0.9444,0.0696,0.9691,12.0982,0.0167,21.4371,100.2387,474.1413,150,4090.9091,17.7669,5,73523,0.1527,195.625,134.3889,0.0108,155.5207,0.3239
3,614.46,169.785,0,0.2703,0.2966,18.7,0.65,0.488,0.4704,1.4699,0.1315,0.938,10.3498,155.5667,19.0423,87.9144,214.1354,64.2857,1111.1111,15.8438,4.2857,95589.5,0.3113,181,62.8333,0.001,176.9227,0.282
3,565.95,149.205,0,0.0344,0.0671,16.5,0.6873,0.1013,0.4031,1.4615,0.143,0.9332,10.7638,121.9834,19.2259,65.5008,244.2709,173.0769,2068.9655,16.8838,5.8846,69036.5,0.3094,188,80.375,0.0006,180.5028,0.3208
3,502.005,138.915,0,0.0669,0.0873,16.2,0.6111,0.1769,0.5995,1.1674,0.1093,0.9511,8.8681,145.7834,16.3675,281.971,1649.8691,335.2941,2727.2727,16.5735,3.3529,73184,0.2563,208.6667,97.2174,0.0019,185.0732,0.3222
3,590.205,152.88,0,0.132,0.1468,15.1,0.7918,0.351,0.4476,1.5081,0.1519,0.9302,11.9452,167.6375,21.6727,105.0127,1156.9092,190.9091,1666.6667,16.1111,4.0909,98940.5,0.2686,213.625,105,0.0035,181.8943,0.3093
3,500.535,164.64,0,0.2309,0.2593,15.1,0.7588,0.494,0.3752,1.5077,0.1668,0.9249,8.8113,142.5135,25.7268,5.6193,64.2936,370,2222.2222,15.6157,5.7,71333,0.27,230.9286,169.8605,0.0102,194.3126,0.3311
3,576.24,164.64,0,0.0275,0.0431,13.2,0.4702,0.0807,0.5388,1.3183,0.1438,0.9449,14.6682,157.9993,24.6571,5.2845,1.8816,438.4615,0,16.9715,5.0769,91045.5,0.2063,205.3571,184.1667,0.0115,176.5573,0.3698
3,601.965,161.7,0,0.0621,0.0874,12.9,0.5429,0.1249,0.5942,1.2411,0.1045,0.9537,11.6066,158.4959,16.8413,156.7566,110.7459,108,4090.9091,17.1487,3.72,95409,0.3214,204.5455,81.5313,0.0043,203.5747,0.3277
3,557.13,131.565,0,0.2321,0.2574,12.6,0.7972,0.5844,0.3447,1.5608,0.1415,0.9383,11.8726,129.0318,20.1508,2.6546,344.5745,505.2632,0,15.315,5.3684,71887.5,0.3419,217.4,202.7432,0.0112,204.5245,0.3049
3,597.555,161.7,0,0.0522,0.0738,12.4,0.6859,0.1352,0.3791,1.5864,0.144,0.9325,14.4977,156.9379,20.1975,103.49,333.2957,163.6364,6250,16.7495,5.1818,93779,0.283,211.25,131.4681,0.0031,214.7486,0.2861
3,629.16,185.22,0,0.0784,0.1058,12,0.7338,0.1864,0.3578,1.6764,0.1796,0.9248,13.3205,165.8187,22.124,83.4806,598.4773,166.6667,3750,16.3892,5.2222,104326.5,0.2778,213,188.9054,0.0116,200.0017,0.2407
3,581.385,214.62,0,0.0576,0.0756,11.6,0.6654,0.1205,0.4181,1.6789,0.1943,0.9217,18.3297,217.4618,27.3875,140.7198,36.0673,52.1739,3600,16.758,3.6522,126429,0.3278,205.25,119.2174,0.0018,184.7234,0.3534
3,549.78,158.76,0,0.0481,0.0746,11.5,0.7542,0.1852,0.3647,1.5467,0.1406,0.933,11.8486,154.9947,21.5773,82.883,969.1239,192,6521.7391,16.5047,5.28,85213,0.3886,214.0769,99.9222,0.0044,184.192,0.3451
3,485.1,133.035,0,0.0232,0.047,11.2,0.4482,0.0775,0.5815,1.1609,0.0852,0.9591,9.4888,144.5929,19.3697,167.8459,1095.9225,33.3333,2400,17.0684,4.3333,70142,0.2349,191.3125,110.412,0.0168,207.1301,0.3091
3,518.175,152.88,0,0.008,0.0319,11.1,0.2684,0.026,0.478,1.4314,0.1355,0.9408,13.3336,170.4974,20.399,177.2657,242.0164,0,2727.2727,18.2004,4.2,88347.5,0.3247,220,80.0741,0.0036,185.7773,0.185
3,522.585,156.555,0,0.0474,0.0681,10.5,0.6572,0.1176,0.4793,1.4059,0.1335,0.9368,11.8494,153.7712,11.8078,210.8805,135.1478,400,5294.1176,16.9441,6,80358.5,0.2541,232.8182,122.16,0.0056,197.2896,0.2735
3,477.75,181.545,0,0.0483,0.063,10.5,0.7333,0.1633,0.4524,1.4765,0.1419,0.9335,14.2364,195.259,30.6678,58.1185,241.9337,396,2400,16.9549,5.4,93285,0.2987,187.8,68.4412,0.0029,162.9973,0.3448
3,588.735,178.605,0,0.198,0.2137,10.1,0.725,0.4185,0.4458,1.5385,0.1262,0.9404,14.1109,190.9365,21.6511,192.4077,1079.0048,0,0,15.712,3.75,112411,0.1915,201.25,91.5648,0.008,184.2869,0.3217
3,587.265,164.64,0,0.0413,0.0615,10,0.4291,0.0849,0.4873,1.4942,0.1485,0.9333,15.0979,190.9811,22.8148,198.4716,515.1723,0,1250,17.4554,3.7895,112156.5,0.2347,195,78.44,0.0046,163.6596,0.3787
3,633.57,149.94,0,0.2362,0.252,9.9,0.7544,0.4819,0.344,1.6459,0.15,0.929,12.9524,156.5873,17.3308,171.9764,587.1939,0,1304.3478,15.6593,3.3333,99209,0.2712,214.3125,117.0347,0.008,199.9224,0.2864
3,470.4,141.12,0,0.0671,0.0981,9.9,0.7192,0.1605,0.3418,1.5229,0.133,0.9362,9.7435,131.1193,22.0739,27.6174,343.2712,236.3636,3600,16.7783,4.7273,61678.5,0.355,217.3571,130.2523,0.0043,204.4337,0.2225
3,593.145,136.71,0,0.038,0.0633,9.4,0.824,0.14,0.5672,1.2433,0.1062,0.9517,11.1834,145.5428,17.5725,209.3391,69.1547,56.25,5294.1176,16.5377,3.5625,86328,0.3864,212.3333,102.6418,0.0033,179.9802,0.3104
3,574.77,152.145,0,0.0799,0.1031,9.4,0.8443,0.2961,0.4998,1.3736,0.1267,0.9442,10.8899,149.6259,23.3644,80.0438,71.1199,314.2857,2857.1429,15.8772,4.5714,86000.5,0.4094,206.224,228.4377,0.1252,213.1943,0.1961
3,540.225,112.455,0,0.0396,0.0759,8.7,0.6698,0.0917,0.4721,1.3721,0.1671,0.9298,9.4356,117.7148,14.4719,62.3731,1243.6994,150,6923.0769,17.0168,3.9545,63592.5,0.3864,191.7143,78.8333,0.0044,196.2248,0.4375
3,494.655,179.34,0,0.0611,0.0769,8.6,0.611,0.1583,0.5635,1.3256,0.1018,0.9538,13.3947,211.1269,31.0201,136.1479,430.465,260.8696,1153.8462,16.6803,3.913,104435,0.3385,197.2975,231.3132,0.2038,219.3542,0.2389
3,573.3,146.265,0,0.0491,0.0721,8.6,0.7625,0.1696,0.4572,1.4743,0.1385,0.9338,12.2756,154.8055,20.5353,100.2641,848.5158,210,6666.6667,16.2862,4.2,88750,0.3136,171.625,79.1216,0.0044,192.2033,0.2856
3,568.89,137.445,0,0.2585,0.2951,8.4,0.7025,0.4828,0.3527,1.551,0.1397,0.9377,10.7492,140.9886,16.8278,69.4336,429.857,120,2608.6957,15.4839,4.08,80207,0.2632,197.7273,114.5795,0.004,194.6822,0.2708
3,557.13,169.785,0,0.0574,0.0735,8.2,0.4248,0.0713,0.4763,1.4284,0.1211,0.9452,15.0793,178.015,22.393,136.1272,558.1554,39.1304,5000,17.2961,3.5217,99177.5,0.2197,228,145.5625,0.0008,185.5576,0.3597
3,496.86,165.375,0,0.0548,0.0684,7.9,0.6857,0.1772,0.4835,1.4052,0.1109,0.9472,12.2132,169.5639,28.99,31.301,67.716,500,1304.3478,16.5069,5,84249.5,0.2772,175.875,91.2368,0.0046,190.4913,0.2913
3,465.255,144.795,0,0.1882,0.2107,7.6,0.7219,0.4069,0.3709,1.5219,0.1423,0.932,8.7627,151.4771,24.3337,43.6394,411.0151,260,1153.8462,15.8011,5,70475.5,0.2167,202,64.8333,0.0006,174.2044,0.419
3,518.91,158.76,0,0.1138,0.1419,7.3,0.7888,0.3196,0.4096,1.5093,0.1439,0.9329,9.9537,145.9733,20.0932,69.0652,203.019,139.2857,4000,15.9699,5.8929,75747,0.3696,182.6667,60.9434,0.0043,181.7097,0.2801
3,549.045,159.495,0,0.0457,0.0704,7.3,0.6712,0.2002,0.5721,1.2062,0.0891,0.958,10.1847,147.5471,19.3718,99.6104,617.2963,64.2857,6521.7391,16.741,4.7143,81010,0.2963,177.8,98.2111,0.0058,175.4073,0.3114
3,515.97,158.025,0,0.075,0.1051,7.3,0.8267,0.2063,0.4831,1.372,0.1449,0.9341,9.8251,143.0374,22.9221,111.4219,1273.576,126.9231,1153.8462,16.2603,5.6538,73803,0.3185,235,76.3158,0.0014,182.4728,0.1711
4,514.5,158.025,0.0008,0.0113,0.0317,4.2,0.1347,0.0197,0.6418,1.0474,0.0867,0.9644,11.5399,0.1166,23.4676,74.4413,338.1728,150,967.7419,17.3232,4.1,81946,0.2981,226,131.7442,0.0021,191.186,0.2945
4,586.53,142.59,0,0.0388,0.0633,6.4,0.328,0.0824,0.6323,1.1339,0.1003,0.9543,10.3081,0.0017,18.6422,140.4959,309.8807,94.7368,2222.2222,17.2784,3.4737,77646,0.3128,192,93.7391,0.0055,200.42,0.1978
4,396.9,159.495,0,0.0383,0.0559,8.7,0.2715,0.0782,0.3779,1.4913,0.1398,0.935,11.4584,0.0076,32.4463,139.564,57.2802,113.7931,1875,18.047,4.4483,70558,0.295,192.8571,101.9441,0.0114,188.7235,0.2182
4,604.17,148.47,0.0004,0.0728,0.0924,10.9,0.3794,0.1293,0.5004,1.3954,0.1194,0.9465,13.0046,0.0596,20.4478,92.5216,58.6067,144,2400,16.2296,4.8,89528.5,0.385,207.1176,129.2743,0.0056,193.4796,0.3556
4,605.64,141.12,0.0009,0.022,0.0469,6.8,0.2678,0.0442,0.5106,1.4111,0.1644,0.9351,12.6065,0.1271,14.3226,208.4603,99.9223,183.3333,3913.0435,17.2924,4.1667,87545,0.3448,227.6,83.3913,0.0036,192.942,0.2773
4,589.47,136.71,0.0001,0.0275,0.0521,8,0.3735,0.074,0.4906,1.3708,0.1441,0.9402,11.0428,0.0119,12.2407,134.8415,451.4841,91.3043,6000,17.5495,4.3043,71747.5,0.3162,212.625,172.2597,0.005,179.1241,0.3426
4,543.165,108.78,0.0031,0.0381,0.0741,8.3,0.4454,0.1016,0.6901,0.9234,0.0811,0.9656,5.8583,0.2522,9.9754,84.6128,339.8201,14.2857,2400,16.5474,4.7143,49229.5,0.3224,193.6667,104.9153,0.0042,186.0894,0.3187
4,457.905,106.575,0,0.0129,0.0411,5.4,0.1604,0.0222,0.7046,0.881,0.0743,0.9671,6.8832,0.0044,18.7956,29.4079,351.3816,276,4090.9091,18.157,3.72,45829.5,0.2883,213.6667,100.1724,0.0021,185.9401,0.3392
4,519.645,149.94,0.0001,0.0087,0.0326,9.3,0.2698,0.0374,0.6576,1.0441,0.0839,0.9613,11.2081,0.0135,20.3585,105.9149,175.9306,112.5,4090.9091,17.7104,4.375,76409,0.3833,198,99.2545,0.0045,171.1765,0.3383
4,579.18,150.675,0,0.0623,0.0941,7.3,0.5689,0.1536,0.591,1.2045,0.1031,0.9525,9.7371,0.0017,16.4385,142.9308,400.3422,72,1000,17.0334,7.44,79016,0.2775,202,103.641,0.0025,203.5922,0.2303
4,486.57,182.28,0,0.0647,0.0797,5.1,0.4193,0.099,0.4472,1.5029,0.1365,0.9367,15.2788,0.0041,31.7355,228.9003,1224.9762,150,0,16.7073,4.1667,95891.5,0.3846,204,54.5,0.0007,178.7116,0.3238
4,512.295,208.005,0.0003,0.0529,0.0699,7.9,0.5022,0.0973,0.6261,1.1565,0.0996,0.9564,12.1886,0.0488,18.4105,162.775,2227.098,291.1765,3333.3333,14.5667,7.5,88537,0.3512,221.7,86.6269,0.0033,205.2585,0.266
4,503.475,121.275,0.0001,0.1669,0.1952,8.7,0.6841,0.3305,0.6895,0.9612,0.0726,0.9654,7.4052,0.0139,20.6055,36.4495,7.919,326.087,1153.8462,15.9664,4.0435,62512.5,0.3576,198.8,63.1739,0.0027,171.4642,0.3324
4,522.585,150.675,0.0002,0.0135,0.0318,5.1,0.3678,0.0379,0.6225,1.1194,0.1028,0.9555,11.5538,0.0325,18.6699,179.4117,262.6673,45,4285.7143,17.2682,4.05,80479,0.4167,229.5,81.1765,0.0011,193.075,0.2559
4,507.885,120.54,0,0.1786,0.1989,5.7,0.6186,0.3346,0.5871,1.1424,0.0968,0.9546,6.5622,0.0039,13.0073,149.2798,584.0067,66.6667,1153.8462,16.1767,4.3333,52541,0.3121,197.4,109.1111,0.0017,209.2575,0.1938
4,519.645,122.745,0.0001,0.0235,0.0503,8.2,0.6595,0.0731,0.5881,1.1315,0.1059,0.9544,8.0525,0.0154,10.4359,172.6588,310.0869,234.7826,1034.4828,16.9986,5.2174,62319,0.2717,204,111.1875,0.0034,212.2238,0.1989
4,392.49,110.25,0.0002,0.0644,0.0842,7.3,0.5358,0.1385,0.6956,0.921,0.0741,0.9661,6.8983,0.0178,20.8632,95.1985,93.5702,137.5,2500,16.4749,3.875,49000.5,0.2906,204,41.9,0.0024,161.2186,0.3408
4,602.7,141.12,0,0.0766,0.1189,9.6,0.4513,0.1311,0.5846,1.1962,0.1095,0.9513,8.4497,0.005,11.091,122.542,652.4354,122.2222,5172.4138,17.1927,6.1111,68950.5,0.3778,198.8333,92.0645,0.0043,188.6976,0.2645
4,638.715,152.145,0.0002,0.0343,0.0577,3.8,0.5563,0.0825,0.4077,1.4781,0.1433,0.9346,12.5113,0.0282,15.3799,39.8885,693.2513,121.875,4444.4444,16.8382,6.8438,78390.5,0.3567,233,168.625,0.0006,203.1541,0.2751
4,572.565,160.23,0.0001,0.0413,0.0783,7.8,0.6296,0.1151,0.5576,1.3208,0.1242,0.9456,11.9063,0.0192,22.4506,166.5086,40.5747,78.9474,3000,16.8658,3.6316,98890.5,0.3179,212.6667,67.15,0.0016,163.9212,0.3397
4,618.135,124.95,0.0016,0.0055,0.0297,12.6,0.3509,0.0227,0.6557,1.0467,0.0788,0.9637,12.2903,0.2006,15.3427,198.9694,565.3112,50,1875,18.0392,3.5,81104.5,0.2889,128,58.1111,0.0019,175.2111,0.2281
4,617.4,167.58,0.0001,0.0493,0.0749,9,0.4822,0.0825,0.4692,1.4088,0.1385,0.9375,12.6671,0.0097,8.5786,157.5829,275.2792,346.1538,1000,17.0358,5.0769,86284.5,0.3356,221,84,0.0014,200.1761,0.1873
4,611.52,142.59,0.0004,0.1023,0.1268,7.5,0.5216,0.1734,0.5521,1.258,0.0938,0.9559,9.3007,0.0491,13.6028,92.8555,590.9678,54.5455,3461.5385,16.8632,5.4545,77254.5,0.4733,218.5,135.3929,0.0025,192.2439,0.2898
4,593.88,130.095,0.0004,0.0245,0.0466,7.1,0.7236,0.0798,0.4779,1.3553,0.1415,0.9351,9.5844,0.0438,12.8122,153.3875,111.0337,78.9474,4736.8421,17.0093,3.9474,70558,0.2966,182,141.1875,0.0009,192.6506,0.2411
4,510.09,142.59,0.0002,0.0493,0.091,6.5,0.632,0.1556,0.5887,1.1389,0.1073,0.9525,6.9435,0.0235,12.7706,84.5582,327.7786,77.7778,1071.4286,16.7287,5.8889,54431.5,0.3605,221,94.4912,0.0034,183.303,0.2821
4,529.935,88.2,0.0001,0.0906,0.1416,9.5,0.6526,0.2187,0.6265,1.0075,0.0912,0.9561,4.7016,0.0094,10.94,39.4429,686.4975,150,0,16.4222,4.2,39843.5,0.375,213.8,101.2353,0.0022,206.4458,0.2906
4,507.15,148.47,0.0012,0.054,0.0757,6.3,0.5562,0.1256,0.5767,1.2114,0.1162,0.9451,9.5391,0.1617,21.9198,31.3593,516.5979,219.2308,1153.8462,16.7467,4.5,74248.5,0.4136,203.9167,96.2644,0.0042,194.6285,0.2736
4,590.94,152.145,0.0001,0.044,0.0687,5.8,0.5227,0.1038,0.3529,1.6226,0.1968,0.9181,13.1817,0.0152,12.4989,184.2337,824.7008,218.1818,7500,17.1399,4.9091,85668,0.3172,210.4444,141.2111,0.005,178.1859,0.2476
4,624.015,171.255,0.0001,0.1008,0.1129,13.9,0.7532,0.2285,0.3271,1.7077,0.1586,0.9256,15.1372,0.0192,16.6191,150.7445,744.59,112.5,9375,16.3925,3.875,105517.5,0.3401,201.75,87.2381,0.003,189.1728,0.275
4,617.4,146.265,0.0001,0.3017,0.3247,8.7,0.6332,0.4683,0.3704,1.5817,0.1492,0.9304,11.0702,0.0178,16.5589,102.8206,466.1463,10,1034.4828,15.9785,4.1,90974.5,0.2603,210.9231,188.8125,0.0092,185.8207,0.3035
4,496.125,164.64,0.0001,0.0364,0.0589,1,0.2897,0.0569,0.6146,1.214,0.1498,0.9464,12.2851,0.0141,26.0798,120.9565,303.2743,138.4615,2608.6957,16.739,4.3846,94254.5,0.3113,225.6667,202.0621,0.0081,191.1783,0.2795
4,454.965,131.565,0,0.0427,0.0719,6.9,0.7498,0.0924,0.3501,1.5085,0.1402,0.9329,9.9241,0.0022,15.5872,191.814,192.3946,234.7826,3750,16.9008,4.4348,59411,0.2883,255,78.5,0.0014,202.1314,0.2423
4,632.835,171.99,0,0.0951,0.1185,7.6,0.5179,0.1685,0.5731,1.3341,0.1085,0.9521,13.2087,0.0047,20.2424,98.7448,2168.2094,252.6316,16000,16.865,5.6842,111101.5,0.3219,192,77.4483,0.006,194.8276,0.2186
4,433.65,115.395,0.0005,0.0286,0.0564,8.7,0.4933,0.0941,0.709,0.8928,0.0696,0.9681,7.2462,0.0553,19.2644,158.3553,424.2524,63.1579,1578.9474,16.9966,3.7895,54000.5,0.4058,234,183.225,0.0018,207.0929,0.2755
4,474.81,143.325,0.0001,0.0387,0.0674,8.1,0.3717,0.0578,0.6085,1.1785,0.1141,0.9521,10.4015,0.0126,21.7,152.6943,85.0999,54.5455,4285.7143,17.4384,4.3636,71827.5,0.3431,204.6667,224.7292,0.0026,189.7989,0.2681
4,554.19,128.625,0,0.0868,0.113,7.7,0.5995,0.1701,0.4812,1.3812,0.1577,0.9342,9.2775,0.0036,16.8197,131.1942,553.0538,15,0,16.9065,3.75,72447.5,0.3041,220.2,111.9444,0.0027,192.5458,0.3448
4,545.37,108.78,0,0.2506,0.2788,10.7,0.7302,0.5228,0.3677,1.3887,0.1165,0.9449,8.5148,0.0037,10.9408,127.5322,6.6611,155.5556,3600,15.3233,4.4444,51694.5,0.3354,235.3,177.25,0.0031,188.3844,0.274
4,624.015,110.985,0,0.1559,0.1746,8.4,0.6974,0.3415,0.3927,1.536,0.158,0.9303,10.0283,0.0016,14.8672,90.3717,95.7309,120,1363.6364,16.2627,3.3,74604.5,0.3158,238,103.8462,0.0021,196.2266,0.3074
4,523.32,155.085,0,0.0746,0.0914,8.8,0.7265,0.1771,0.366,1.5704,0.1597,0.9253,11.7994,0.0019,19.5665,105.5833,370.1231,112.5,5000,16.5642,5.375,78996,0.2781,202,129,0.0007,179.3199,0.317
4,623.28,136.71,0.0001,0.2156,0.243,7.4,0.7553,0.4807,0.3385,1.5639,0.1399,0.9344,11.5618,0.008,15.869,94.6987,177.2609,78.2609,1250,15.7141,3.6522,81750,0.339,128,87.6,0.0011,173.8697,0.2307
4,530.67,118.335,0.0001,0.0576,0.0758,7.1,0.3646,0.1171,0.5851,1.1446,0.0848,0.9593,9.0139,0.0075,15.0345,156.7841,786.4464,16.6667,0,17.3834,3.5,63552.5,0.2456,255,84.1818,0.0017,177.3586,0.2483
4,572.565,119.805,0.0001,0.2502,0.2812,7.5,0.6908,0.4949,0.3816,1.5032,0.1467,0.9301,7.6087,0.0157,14.2036,125.8014,49.3219,0,2222.2222,15.5432,3.7143,64102,0.25,213.5,103.4159,0.0074,193.043,0.2308
4,530.67,170.52,0,0.2236,0.2549,5.3,0.7748,0.5266,0.478,1.4116,0.1649,0.9339,9.7369,0.0019,15.0761,177.7664,239.6481,262.5,3600,15.3912,5.625,79598,0.3287,255,93.3333,0.0008,184.563,0.4061
4,540.225,66.15,0.0001,0.0584,0.1591,10.3,0.2599,0.1001,0.5399,1.1334,0.0991,0.9516,4.9552,0.0037,3.9896,95.5564,790.5134,142.8571,6521.7391,16.7537,4,34503,0.2688,194.5294,87.3506,0.0111,169.3663,0.3708
4,545.37,186.69,0,0.1458,0.1685,5.5,0.7279,0.2745,0.3484,1.5837,0.1535,0.9292,11.9181,0.0055,13.8567,139.1356,1.579,170,7500,16.0986,4.7,86305.5,0.2361,226.3333,117.7778,0.0018,183.101,0.2704
4,417.48,91.875,0,0.0797,0.1237,8.5,0.5085,0.1625,0.6958,0.9085,0.0726,0.966,5.5659,0.0024,19.5308,138.8522,1351.2735,71.4286,3333.3333,17.051,5,42588,0.4316,205.6,85.2791,0.0066,182.234,0.2311
4,326.34,80.115,0.0001,0.0292,0.069,8.2,0.3025,0.0636,0.7106,0.8597,0.0895,0.9622,5.4297,0.0061,20.9461,194.9216,710.4689,120,0,17.6982,3.2,32165,0.3056,227,106.4,0.0008,196.4486,0.2364
4,668.85,135.24,0,0.0229,0.046,5.2,0.5451,0.0745,0.6294,1.1382,0.1244,0.9527,13.289,0.0015,12.8632,65.6183,418.2551,53.5714,2500,16.8691,4.6071,84241.5,0.4085,208,103,0.0019,192.7574,0.3214
4,571.095,155.82,0.0001,0.4349,0.4633,8.2,0.5844,0.5923,0.3159,1.7046,0.1601,0.9261,11.5473,0.0088,23.2542,9.0124,1023.8567,336,3461.5385,14.6582,4.8,94568.5,0.2767,214.2857,80.5714,0.0049,187.2628,0.3195
4,447.615,78.645,0.0001,0.2309,0.2859,7,0.7695,0.4838,0.4831,1.2448,0.1318,0.9366,4.4008,0.0067,10.9538,32.9024,1291.3067,80,9545.4545,15.3802,5.2,31147.5,0.2378,180,67,0.0009,157.7145,0.397
4,543.9,160.965,0,0.1384,0.1564,6.3,0.8065,0.4319,0.5447,1.3239,0.1432,0.9394,12.1063,0.0018,26.169,106.265,49.3622,347.3684,1428.5714,15.6453,4.1053,88348.5,0.3832,203.5,101.1081,0.0018,193.6315,0.2195
4,699.72,194.775,0,0.1229,0.1526,13.4,0.7885,0.2519,0.302,1.8086,0.155,0.9305,17.2458,186.7397,18.2764,119.334,921.6161,11.5385,7142.8571,16.3166,4.2692,130665.5,0.3662,143.2,84.3659,0.0035,195.4405,0.1935
4,585.06,115.395,0,0.2482,0.2778,13.2,0.735,0.4818,0.456,1.3696,0.1519,0.928,6.7134,97.7301,12.4812,105.1786,209.1836,25,1304.3478,15.2926,4,57178,0.4364,224.25,82.4762,0.004,181.5893,0.3065
4,540.225,155.085,0,0.0545,0.0839,10.5,0.306,0.0842,0.5547,1.2962,0.1172,0.949,11.612,148.005,13.982,169.3526,723.4547,237.5,1363.6364,17.2826,4.375,79956,0.224,212.5455,142,0.0064,183.0742,0.2862
4,555.66,154.35,0,0.0495,0.0616,10,0.566,0.1033,0.4415,1.5143,0.1676,0.9279,13.5974,166.825,22.0577,170.5685,94.4532,60,4736.8421,17.0463,3.6,92698,0.3154,194.2727,201.2883,0.0105,193.597,0.2063
4,405.72,91.875,0,0.0317,0.0745,9.9,0.4711,0.0871,0.5,1.2434,0.1382,0.9368,6.4788,103.7168,14.9963,169.2765,505.4567,50,6000,17.1688,3.5,42080,0.3717,209.2941,193.8791,0.0162,197.4139,0.1709
4,630.63,141.12,0,0.091,0.1175,8.9,0.6723,0.2344,0.4113,1.4945,0.1396,0.9331,10.4421,133.4007,12.0798,159.6325,441.1885,169.5652,1111.1111,16.5686,4.8261,84126.5,0.3083,191.5,90.6571,0.004,189.1548,0.247
4,257.25,144.795,0,0.0367,0.0608,8.7,0.3936,0.0664,0.3818,1.4184,0.1494,0.9337,8.5018,187.6404,44.6735,54.6361,88.2586,506.25,882.3529,17.1372,6.75,48270.5,0.3684,233,106.3019,0.004,195.397,0.292
4,526.995,156.555,0,0.0481,0.0675,8.7,0.6407,0.1115,0.5322,1.3376,0.1245,0.9415,12.5163,163.216,21.6108,61.1256,788.8381,192.8571,3600,16.87,4.9286,86014,0.3235,178.6667,94,0.0025,172.2367,0.3583
4,468.195,167.58,0,0.1522,0.1745,8.1,0.7971,0.3798,0.3972,1.4179,0.137,0.9345,9.5653,142.9693,23.8895,100.4165,30.0174,113.7931,3214.2857,16.1067,5.4828,66937.5,0.3467,180.1538,72.9115,0.0077,173.0365,0.3237
4,621.075,141.12,0,0.0473,0.0764,8.1,0.5937,0.1251,0.4954,1.3411,0.1154,0.9455,10.008,130.7644,13.5287,154.6971,272.3276,63.1579,1200,16.9783,4.4211,81214.5,0.3239,213.1429,77.3478,0.0063,178.6855,0.2328
4,530.67,150.675,0,0.0633,0.0846,8.1,0.3451,0.0921,0.5641,1.2499,0.1243,0.9491,13.7862,172.8428,21.7934,141.412,94.5683,45,2500,17.4919,3.45,91722.5,0.3902,200.5,106.4737,0.001,189.0491,0.3558
4,413.07,133.035,0,0.0181,0.0503,8.1,0.1344,0.0309,0.6123,1.1109,0.0992,0.9554,10.2334,143.3244,22.9281,137.4441,2660.399,68.1818,18000,17.7302,5.3182,59203,0.3667,188.3,97.7069,0.0052,185.8938,0.1869
4,475.545,139.65,0,0.051,0.0775,8,0.5331,0.1052,0.4738,1.3921,0.1399,0.9346,10.8059,144.6141,22.5735,107.2921,369.6208,126.9231,2400,17.1842,4.7308,68770.5,0.2481,209.2222,174.4186,0.0085,193.6432,0.2324
4,528.465,185.22,0,0.2667,0.2905,7.4,0.7231,0.4599,0.3204,1.7013,0.1586,0.9289,13.7951,194.115,25.0243,163.1963,654.3896,23.0769,1363.6364,15.3242,4.3846,102583,0.2717,208.25,79.7143,0.0047,181.2435,0.2773
4,469.665,108.78,0,0.0278,0.0499,7,0.5763,0.0881,0.6193,1.0724,0.0888,0.9588,6.58,104.0721,13.4367,121.1115,1031.2831,39.1304,6000,17.1728,4.3043,48879,0.2188,209.1067,186.0448,0.0344,174.4034,0.2501
4,586.53,158.76,0,0.141,0.1576,7,0.7997,0.3386,0.3745,1.5796,0.1382,0.9334,13.0819,172.1813,20.47,220.3901,466.2374,0,1500,15.8789,4.125,100989.5,0.2677,198.5,116.1091,0.0072,191.612,0.2975
4,547.575,115.395,0,0.0524,0.0863,6.7,0.3056,0.1027,0.4836,1.3302,0.1113,0.946,9.51,119.6603,12.4796,194.0317,205.8353,183.3333,2608.6957,17.4486,3.5,65523,0.2342,207.75,174.2549,0.0034,183.8613,0.3132
4,439.53,116.13,0,0.0526,0.0782,6.5,0.4559,0.1268,0.395,1.439,0.1355,0.9356,8.6508,120.3115,19.1931,105.4395,171.0746,81.8182,2307.6923,16.9643,4.0909,52880.5,0.2042,219.3333,118.8036,0.0047,174.8444,0.3421
4,554.19,155.085,0,0.0691,0.1027,6.4,0.8715,0.2259,0.3758,1.5126,0.1382,0.9327,9.0848,117.0158,11.0581,92.3744,501.9712,140,3750,16.4079,3.6,64849,0.2828,177,73.4054,0.0038,185.2277,0.2949
4,571.83,99.96,0,0.1061,0.1391,5.2,0.6982,0.2474,0.3484,1.4857,0.1638,0.9281,8.1546,91.2308,8.666,129.7192,556.5611,120,1666.6667,16.6442,3.6,52168.5,0.3519,198.8571,62.8667,0.0039,187.0607,0.3242
4,532.875,147,0,0.0566,0.0858,5.1,0.6089,0.145,0.578,1.1993,0.0996,0.9514,9.7336,132.517,18.6806,129.1207,479.0549,54.5455,3600,16.9181,4.0909,70615,0.366,216.75,109.8667,0.0025,191.3057,0.3019
